nofinesset;nofinessej;rs;rslongue;complrs;compldistrib;numvoie;typvoie;voie;compvoie;lieuditbp;region;libregion;departement;libdepartement;cog;codepostal;libelle_routage;ligneacheminement;telephone;telecopie;categetab;libcategetab;liblongcategetab;categretab;libcategretab;siret;codeape;libcodeape;mft;libmft;liblongmft;sph;libsph;numen;coordx;coordy;sourcegeocod;dategeocod;dateautor;dateouvert;datemaj
010000024;010780054;CH DE FLEYRIAT;CENTRE HOSPITALIER DE BOURG-EN-BRESSE FLEYRIAT;;;900;RTE;DE PARIS;;;84;AUVERGNE-RHONE-ALPES;01;AIN;01451;01440;VIRIAT;01440 VIRIAT;04 74 45 46 47;04 74 45 41 14;355;C.H.;Centre Hospitalier (C.H.);1102;Centres Hospitaliers;26010004500012;8610Z;Activit�s hospitali�res;03;ARS / DG EPS;ARS �tablissements Publics de sant� dotation globale;1;Etab.public de sant�;;870215.7;6571590.5;1,ATLASANTE,100,IGN,BD_ADRESSE,V2.2,LAMBERT_93;2021-01-04;1979-02-13;1979-02-13;2020-02-04
010000032;010780062;CH HAUT BUGEY;CENTRE HOSPITALIER HAUT BUGEY;;;700;AV;DE NARVIK;;BP 139;84;AUVERGNE-RHONE-ALPES;01;AIN;01034;01300;BELLEY;01300 BELLEY;04 79 42 59 59;04 79 42 59 96;355;C.H.;Centre Hospitalier (C.H.);1102;Centres Hospitaliers;26010003700019;8610Z;Activit�s hospitali�res;03;ARS / DG EPS;ARS �tablissements Publics de sant� dotation globale;1;Etab.public de sant�;;908351.7;6520414.1;2,ATLASANTE,100,IGN,BD_ADRESSE,V2.2,LAMBERT_93;2021-01-04;1901-01-01;1901-01-01;2020-11-24
010000065;010780096;CH DE TREVOUX - MONTPENSIER;CENTRE HOSPITALIER DE TREVOUX - MONTPENSIER;;;14;R;DE L'HOPITAL;;BP 615;84;AUVERGNE-RHONE-ALPES;01;AIN;01427;01606;TREVOUX CEDEX;01606 TREVOUX CEDEX;04 74 10 50 00;04 74 10 50 19;355;C.H.;Centre Hospitalier (C.H.);1102;Centres Hospitaliers;26010028400017;8610Z;Activit�s hospitali�res;03;ARS / DG EPS;ARS �tablissements Publics de sant� dotation globale;1;Etab.public de sant�;;837272.3;6539470.4;2,ATLASANTE,100,IGN,BD_ADRESSE,V2.2,LAMBERT_93;2021-01-04;1901-01-01;1901-01-01;2018-01-12
010000081;010780112;CH DU PAYS DE GEX;CENTRE HOSPITALIER DU PAYS DE GEX;;;160;R;MARC PANISSOD;;BP 437;84;AUVERGNE-RHONE-ALPES;01;AIN;01173;01174;GEX CEDEX;01174 GEX CEDEX;04 50 40 38 38;04 50 40 38 25;106;C.H. (ex H.L.);Centre hospitalier, ex H�pital local;1106;H�pitaux Locaux;26010010200011;8610Z;Activit�s hospitali�res;03;ARS / DG EPS;ARS �tablissements Publics de sant� dotation globale;1;Etab.public de sant�;;935201.9;6584824.4;1,ATLASANTE,100,IGN,BD_ADRESSE,V2.2,LAMBERT_93;2021-01-04;1901-01-01;1901-01-01;2020-02-04
010000099;010780120;CH DE MEXIMIEUX;CENTRE HOSPITALIER DE MEXIMIEUX;;;13;AV;DU DOCTEUR BOYER;;;84;AUVERGNE-RHONE-ALPES;01;AIN;01244;01800;MEXIMIEUX;01800 MEXIMIEUX;04 74 61 01 77;04 74 34 71 84;106;C.H. (ex H.L.);Centre hospitalier, ex H�pital local;1106;H�pitaux Locaux;26010013600019;8610Z;Activit�s hospitali�res;03;ARS / DG EPS;ARS �tablissements Publics de sant� dotation globale;1;Etab.public de sant�;;870112.6;6536420.5;2,ATLASANTE,100,IGN,BD_ADRESSE,V2.2,LAMBERT_93;2021-01-04;1945-01-01;1945-01-01;2020-06-30
010000107;010780138;CH DE PONT DE VAUX;CENTRE HOSPITALIER DE PONT DE VAUX;;;;CHE;DES NIVRES;;BP 55;84;AUVERGNE-RHONE-ALPES;01;AIN;01305;01190;PONT DE VAUX;01190 PONT DE VAUX;03 85 30 80 00;03 85 30 80 09;106;C.H. (ex H.L.);Centre hospitalier, ex H�pital local;1106;H�pitaux Locaux;26010020100052;8610Z;Activit�s hospitali�res;03;ARS / DG EPS;ARS �tablissements Publics de sant� dotation globale;1;Etab.public de sant�;;849471.2;6594365.3;2,ATLASANTE,100,IGN,BD_ADRESSE,V2.2,LAMBERT_93;2021-01-04;1945-01-01;1945-01-01;2020-02-04
010000115;010009132;CHI AIN VAL DE SAONE - PONT VEYLE;CH INTERCOMMUNAL AIN VAL DE SAONE - PONT DE VEYLE;;;;R;PIERRE GOUJON;;BP 68;84;AUVERGNE-RHONE-ALPES;01;AIN;01306;01290;PONT DE VEYLE;01290 PONT DE VEYLE;03 85 36 23 50;03 85 23 90 77;355;C.H.;Centre Hospitalier (C.H.);1102;Centres Hospitaliers;;8610Z;Activit�s hospitali�res;03;ARS / DG EPS;ARS �tablissements Publics de sant� dotation globale;1;Etab.public de sant�;;845526.0;6575473.2;2,ATLASANTE,100,IGN,BD_ADRESSE,V2.2,LAMBERT_93;2021-01-04;1945-01-01;1945-01-01;2018-01-12
010000131;010009132;CHI AIN VAL DE SAONE - THOISSEY;CH INTERCOMMUNAL AIN VAL DE SAONE - THOISSEY;;;11;R;DE L HOPITAL;;;84;AUVERGNE-RHONE-ALPES;01;AIN;01420;01140;THOISSEY;01140 THOISSEY;04 74 04 99 00;04 74 04 99 14;355;C.H.;Centre Hospitalier (C.H.);1102;Centres Hospitaliers;20003004700076;8610Z;Activit�s hospitali�res;03;ARS / DG EPS;ARS �tablissements Publics de sant� dotation globale;1;Etab.public de sant�;;839182.3;6565194.5;2,ATLASANTE,100,IGN,BD_ADRESSE,V2.2,LAMBERT_93;2021-01-04;1901-01-01;1901-01-01;2018-01-12
010000180;010007987;CH PUBLIC HAUTEVILLE - UNITE ESPERANCE;CENTRE HOSPITALIER PUBLIC DE HAUTEVILLE - UNITE ESPERANCE;;;;AV;FELIX MANGINI;;BP 41;84;AUVERGNE-RHONE-ALPES;01;AIN;01185;01110;PLATEAU D HAUTEVILLE;01110 PLATEAU D HAUTEVILLE;04 74 40 82 50;04 74 40 80 09;355;C.H.;Centre Hospitalier (C.H.);1102;Centres Hospitaliers;26011019200044;8610Z;Activit�s hospitali�res;03;ARS / DG EPS;ARS �tablissements Publics de sant� dotation globale;1;Etab.public de sant�;;902412.7;6544953.9;2,ATLASANTE,100,IGN,BD_ADRESSE,V2.2,LAMBERT_93;2021-01-04;1904-04-04;1904-04-04;2019-01-15
010000198;010007987;CH PUBLIC HAUTEVILLE - UNITE INTERDEPT;CENTRE HOSPITALIER PUBLIC DE HAUTEVILLE - UNITE INTERDEPT;;;;AV;FELIX MANGINI;;BP 41;84;AUVERGNE-RHONE-ALPES;01;AIN;01185;01110;PLATEAU D HAUTEVILLE;01110 PLATEAU D HAUTEVILLE;04 74 40 81 65;04 74 40 80 73;355;C.H.;Centre Hospitalier (C.H.);1102;Centres Hospitaliers;26011019200051;8610Z;Activit�s hospitali�res;03;ARS / DG EPS;ARS �tablissements Publics de sant� dotation globale;1;Etab.public de sant�;;902412.7;6544953.9;2,ATLASANTE,100,IGN,BD_ADRESSE,V2.2,LAMBERT_93;2021-01-04;1935-09-04;1935-09-04;2019-01-15
010000214;010007987;CH PUBLIC HAUTEVILLE - UNITE ALBARINE;CENTRE HOSPITALIER PUBLIC DE HAUTEVILLE - UNITE ALBARINE;;;;AV;FELIX MANGINI;;BP 41;84;AUVERGNE-RHONE-ALPES;01;AIN;01185;01110;PLATEAU D HAUTEVILLE;01110 PLATEAU D HAUTEVILLE;04 74 40 81 69;;355;C.H.;Centre Hospitalier (C.H.);1102;Centres Hospitaliers;26011019200028;8610Z;Activit�s hospitali�res;03;ARS / DG EPS;ARS �tablissements Publics de sant� dotation globale;1;Etab.public de sant�;;902412.7;6544953.9;2,ATLASANTE,100,IGN,BD_ADRESSE,V2.2,LAMBERT_93;2021-01-04;1974-01-08;1974-01-08;2019-01-15
010000495;010783009;CENTRE PSYCHOTHERAPIQUE DE L'AIN;CENTRE PSYCHOTHERAPIQUE DE L'AIN;;;;AV;DE MARBOZ;;;84;AUVERGNE-RHONE-ALPES;01;AIN;01053;01012;BOURG EN BRESSE CEDEX;01012 BOURG EN BRESSE CEDEX;04 74 52 29 11;04 74 52 28 99;292;C.H.S. Mal.Mentales;Centre Hospitalier Sp�cialis� lutte Maladies Mentales;1103;Lutte Malad.Mentales;77554456200108;8610Z;Activit�s hospitali�res;04;ARS / DG PSPH;ARS �tablissements PSPH dotation globale;6;ESPIC;;871775.4;6571786.4;2,ATLASANTE,100,IGN,BD_ADRESSE,V2.2,LAMBERT_93;2021-01-04;2016-08-01;1977-01-01;2018-07-13
010001246;010790368;MARPA DE BAGE-LA-VILLE;MARPA ANNEXE DE LA MARPA DE MANZIAT;;LE BOURG;100;R;DE LA MAIRIE;;;84;AUVERGNE-RHONE-ALPES;01;AIN;01025;01380;BAGE DOMMARTIN;01380 BAGE DOMMARTIN;03 85 30 21 06;;202;R�sidences autonomie;R�sidences autonomie;4401;H�berg.Pers.Ag�es;39971555600011;;;01;Tarif libre;Etablissement Tarif Libre;;;;849835.0;6581441.9;1,ATLASANTE,100,IGN,BD_ADRESSE,V2.2,LAMBERT_93;2021-01-04;2017-01-03;1995-05-15;2017-04-21
010001261;010785897;ESAT LES BROSSES;ESAT LES BROSSES;;;;;;;LES BROSSES;84;AUVERGNE-RHONE-ALPES;01;AIN;01433;01560;VERNOUX;01560 VERNOUX;04 74 47 04 70;04 74 47 03 61;246;E.S.A.T.;Etablissement et Service d'Aide par le Travail (E.S.A.T.);4302;Trav.Prot.Adul.Handi;77554408300477;8810C;Aide par le travail;57;ARS/ARS PCD Dot.Glob;ARS /ARS PCD   Dotation forfait ou prix de journ�e globalis�;;;;861206.7;6599267.3;2,ATLASANTE,84,IGN,BD_ADRESSE,V2.2,LAMBERT_93;2021-01-04;2017-01-03;2000-10-01;2019-03-18
010001295;010784270;PREVENTION SPECIALISEE - ADSEA;SERVICE DE PREVENTION SPECIALISEE;;;526;R;PAUL VERLAINE;;;84;AUVERGNE-RHONE-ALPES;01;AIN;01289;01960;PERONNAS;01960 PERONNAS;04 74 32 11 61;04 74 32 65 54;286;Club Equipe de Pr�v.;Club Equipe de Pr�vention;4504;Protection Enfance;77931148900040;8899B;Action sociale sans h�bergement n.c.a.;08;Pdt D�partement;Pr�sident du Conseil D�partemental;;;;871769.4;6567439.4;1,ATLASANTE,100,IGN,BD_ADRESSE,V2.2,LAMBERT_93;2021-01-04;2017-01-03;1982-01-01;2017-04-21
010001360;010001352;MARPA LA VALETTE;MARPA LA VALETTE;;;227;RTE;DE MONTCET;;;84;AUVERGNE-RHONE-ALPES;01;AIN;01264;01310;MONTRACOL;01310 MONTRACOL;04 74 24 38 85;;202;R�sidences autonomie;R�sidences autonomie;4401;H�berg.Pers.Ag�es;40311970400019;8730A;H�bergement social pour personnes �g�es;01;Tarif libre;Etablissement Tarif Libre;;;;863682.6;6568864.8;1,ATLASANTE,100,IGN,BD_ADRESSE,V2.2,LAMBERT_93;2021-01-04;2017-01-03;1995-10-01;2017-04-21
010001436;010009132;SSIAD DU CHAVS - PONT DE VEYLE;SERVICE  DE SOINS INFIRMIERS A DOMICILE DE PONT DE VEYLE;CH AIN VAL DE SAONE;;;R;PIERRE GOUJON;;BP 68;84;AUVERGNE-RHONE-ALPES;01;AIN;01306;01290;PONT DE VEYLE;01290 PONT DE VEYLE;03 85 36 86 07;03 85 23 90 77;354;S.S.I.A.D.;Service de Soins Infirmiers A Domicile (S.S.I.A.D);4605;Etab.multi-client�le;20003004700019;8690D;Activit�s des infirmiers et des sages-femmes;54;Tarif AM - SSIAD;Tarif AM - Services de Soins Infirmiers A Domicile;;;;845526.0;6575473.2;2,ATLASANTE,100,IGN,BD_ADRESSE,V2.2,LAMBERT_93;2021-01-04;2017-01-03;1996-09-16;2017-04-21
010001733;010001725;LBM CROIX BLANCHE BOURG EN B;LBM CROIX BLANCHE BOURG EN B;;;51;AV;AMEDEE MERCIER;;;84;AUVERGNE-RHONE-ALPES;01;AIN;01053;01000;BOURG EN BRESSE;01000 BOURG EN BRESSE;04 74 45 26 36;04 74 24 76 54;610;Laboratoire Analyses;Laboratoire d'Analyses;3101;Labo Biolog M�dicale;34152229000012;;;01;Tarif libre;Etablissement Tarif Libre;;;;872837.6;6569565.4;1,ATLASANTE,100,IGN,BD_ADRESSE,V2.2,LAMBERT_93;2021-01-04;1987-09-28;1987-09-28;2016-12-15
010001741;010785897;FAM PRE LA TOUR;;;;;RTE;DU BOURG;;;84;AUVERGNE-RHONE-ALPES;01;AIN;01360;01630;ST JEAN DE GONVILLE;01630 ST JEAN DE GONVILLE;04 50 56 49 08;04 50 56 49 29;437;F.A.M.;Foyer d'Accueil M�dicalis� pour Adultes Handicap�s (F.A.M.);4301;H�berg.Adultes Handi;77554408300469;8710C;H�bergement m�dicalis� pour adultes handicap�s et autre h�bergement m�dicalis�;09;ARS PCD mixte HAS;ARS PCD mixte (2 arr�t�s), habilit� aide sociale;;;;928041.4;6571964.6;2,ATLASANTE,84,IGN,BD_ADRESSE,V2.2,LAMBERT_93;2021-01-04;2017-01-03;2000-01-01;2019-03-04
010002038;010785897;S.S.I.S. ADAPEI;;SSIS ADAPEI OYONNAX;;1;R;FRANCOISE DOLTO;;;84;AUVERGNE-RHONE-ALPES;01;AIN;01283;01105;OYONNAX CEDEX;01105 OYONNAX CEDEX;04 74 73 23 00;04 74 73 23 26;182;S.E.S.S.A.D.;Service d'�ducation Sp�ciale et de Soins � Domicile;4106;Serv.Dom.Ambul.Handi;77554408300519;8891B;Accueil ou accompagnement sans h�bergement d'enfants handicap�s;34;ARS / DG;ARS / DG dotation globale;;;;904264.4;6575271.7;2,ATLASANTE,100,IGN,BD_ADRESSE,V2.2,LAMBERT_93;2021-01-04;2017-01-03;1999-06-21;2017-04-21
010002079;690793567;SESSAD BELLEVUE LES ESSENTIELS;;;;18;R;JEAN CLAUDE RACCURT;;;84;AUVERGNE-RHONE-ALPES;01;AIN;01142;01120;DAGNEUX;01120 DAGNEUX;04 72 25 91 67;04 78 06 14 31;182;S.E.S.S.A.D.;Service d'�ducation Sp�ciale et de Soins � Domicile;4106;Serv.Dom.Ambul.Handi;77990467100210;8891B;Accueil ou accompagnement sans h�bergement d'enfants handicap�s;34;ARS / DG;ARS / DG dotation globale;;;;861189.7;6530072.3;2,ATLASANTE,100,IGN,BD_ADRESSE,V2.2,LAMBERT_93;2021-01-04;2002-08-30;2002-08-30;2016-10-28
010002129;750056335;CLINIQUE DE READAPTATION LES ARBELLES;;;;554;R;LEOPOLD LE HON;;;84;AUVERGNE-RHONE-ALPES;01;AIN;01053;01000;BOURG EN BRESSE;01000 BOURG EN BRESSE;04 74 25 51 51;04 74 45 09 61;109;Soins suite r�adap;Etablissement de sant� priv� autoris� en SSR;1107;Soins Suite & R�adap;34117411801162;8610Z;Activit�s hospitali�res;07;ARS / san pr non DG;ARS �tablissements de sant� non financ�s dotation globale;0;Non concern�;;872133.8;6568458.9;1,ATLASANTE,100,IGN,BD_ADRESSE,V2.2,LAMBERT_93;2021-01-04;2002-10-09;2004-03-15;2014-09-05
010002160;690035159;LBM NOVELAB MONTREVEL EN BRESSE;LBM NOVELAB MONTREVEL EN BRESSE;;;;RTE;DE M�CON;;LES LUYERS;84;AUVERGNE-RHONE-ALPES;01;AIN;01266;01340;MONTREVEL EN BRESSE;01340 MONTREVEL EN BRESSE;04 74 30 88 70;04 74 30 88 53;611;Labo Biolog M�dicale;Laboratoire de Biologie M�dicale;3101;Labo Biolog M�dicale;35172717700013;;;01;Tarif libre;Etablissement Tarif Libre;;;;861976.3;6583512.7;2,ATLASANTE,100,IGN,BD_ADRESSE,V2.2,LAMBERT_93;2021-01-04;2006-02-13;2006-02-13;2019-11-28
010002228;920032380;EHPAD L'AMBARROISE AMBERIEU;EHPAD L'AMBARROISE AMBERIEU;;;58;AV;PAUL PAINLEVE;;;84;AUVERGNE-RHONE-ALPES;01;AIN;01004;01500;AMBERIEU EN BUGEY;01500 AMBERIEU EN BUGEY;04 74 46 11 11;04 74 46 11 10;500;EHPAD;Etablissement d'h�bergement pour personnes �g�es d�pendantes;4401;H�berg.Pers.Ag�es;49085207600010;8710A;H�bergement m�dicalis� pour personnes �g�es;47;ARS TP nHAS nPUI;ARS/PCD, Tarif partiel, non habilit� aide sociale sans PUI;;;;881334.9;6542456.9;1,ATLASANTE,100,IGN,BD_ADRESSE,V2.2,LAMBERT_93;2021-01-04;2017-07-08;2006-12-04;2020-08-04
010002236;010783009;CMP ENFANTS-ADO BOURG-EN-BRESSE;CMP ENFANTS-ADO BOURG-EN-BRESSE;;;14;R;DE L'ECOLE;;;84;AUVERGNE-RHONE-ALPES;01;AIN;01053;01000;BOURG EN BRESSE;01000 BOURG EN BRESSE;04 74 52 27 08;;156;C.M.P.;Centre M�dico-Psychologique (C.M.P.);1111;Autres Etab.Lut.Ment;77554456200223;;;04;ARS / DG PSPH;ARS �tablissements PSPH dotation globale;6;ESPIC;;871640.2;6570009.6;1,ATLASANTE,100,IGN,BD_ADRESSE,V2.2,LAMBERT_93;2021-01-04;1996-10-23;1996-10-23;2020-10-08
010002244;010783009;CATTP AGORA;CATTP ADULTES;;3 & 5 BD JULES FERRY;;BD;JULES FERRY;;;84;AUVERGNE-RHONE-ALPES;01;AIN;01053;01000;BOURG EN BRESSE;01000 BOURG EN BRESSE;04 74 52 27 48;;425;C.A.T.T.P.;Centre d'Accueil Th�rapeutique � temps partiel (C.A.T.T.P.);1111;Autres Etab.Lut.Ment;77554456201452;;;04;ARS / DG PSPH;ARS �tablissements PSPH dotation globale;6;ESPIC;;871141.5;6568630.2;2,ATLASANTE,100,IGN,BD_ADRESSE,V2.2,LAMBERT_93;2021-01-04;1996-10-30;1996-10-30;2016-05-11
010002251;010783009;HDJ ADULTES CHATILLON;HDJ ADULTES CHATILLON;;289 A AVENUE DUBANCHET;;;;;;84;AUVERGNE-RHONE-ALPES;01;AIN;01093;01400;CHATILLON SUR CHALARONNE;01400 CHATILLON SUR CHALARONNE;04 74 52 24 06;;292;C.H.S. Mal.Mentales;Centre Hospitalier Sp�cialis� lutte Maladies Mentales;1103;Lutte Malad.Mentales;77554456201403;8610Z;Activit�s hospitali�res;04;ARS / DG PSPH;ARS �tablissements PSPH dotation globale;6;ESPIC;;850840.5;6560049.0;1,ATLASANTE,100,IGN,BD_ADRESSE,V2.2,LAMBERT_93;2021-01-04;1998-12-09;1999-02-03;2020-01-06
010002269;010000735;SSIAD MIRIBEL;SERVICE DE SOINS INFIRMIERS A DOMICILE MIRIBEL;;;1820;;GRANDE RUE;;;84;AUVERGNE-RHONE-ALPES;01;AIN;01249;01700;MIRIBEL;01700 MIRIBEL;04 78 55 25 53;04 78 55 18 74;354;S.S.I.A.D.;Service de Soins Infirmiers A Domicile (S.S.I.A.D);4605;Etab.multi-client�le;;;;54;Tarif AM - SSIAD;Tarif AM - Services de Soins Infirmiers A Domicile;;;;852344.0;6527072.9;1,ATLASANTE,100,IGN,BD_ADRESSE,V2.2,LAMBERT_93;2021-01-04;2002-10-11;2003-09-01;2016-09-06
010002285;010002277;PHARMACIE DU CHAMP DE MARS;PHARMACIE DU CHAMP DE MARS;;;9;R;ALEXANDRE BERARD;;;84;AUVERGNE-RHONE-ALPES;01;AIN;01004;01500;AMBERIEU EN BUGEY;01500 AMBERIEU EN BUGEY;04 74 38 02 26;04 74 38 21 35;620;Pharmacie d'Officine;Pharmacie d'Officine;3201;Com.Biens Usage M�d.;79528001500012;;;01;Tarif libre;Etablissement Tarif Libre;;;;882629.1;6542638.8;1,ATLASANTE,100,IGN,BD_ADRESSE,V2.2,LAMBERT_93;2021-01-04;1942-08-10;2013-10-01;2020-11-13
010002301;010002293;PHARMACIE VOLLENWEIDER;PHARMACIE VOLLENWEIDER;;;41;R;ALEXANDRE BERARD;;BP 107;84;AUVERGNE-RHONE-ALPES;01;AIN;01004;01500;AMBERIEU EN BUGEY;01500 AMBERIEU EN BUGEY;04 74 35 04 15;;620;Pharmacie d'Officine;Pharmacie d'Officine;3201;Com.Biens Usage M�d.;33125435900028;;;01;Tarif libre;Etablissement Tarif Libre;;;;882538.9;6542885.8;1,ATLASANTE,100,IGN,BD_ADRESSE,V2.2,LAMBERT_93;2021-01-04;1989-04-07;1989-06-12;2020-12-23
010002319;750719239;INSTITUT EDUCATION MOTRICE HANDAS;;;;151;R;MARCEL PAGNOL;;;84;AUVERGNE-RHONE-ALPES;01;AIN;01451;01440;VIRIAT;01440 VIRIAT;04 74 24 62 54;04 74 22 77 83;192;I.E.M.;Institut d'�ducation motrice;4103;Handicap�s Moteurs;;;;05;ARS / Non DG;ARS �tablissements m�dico-soc. non financ�s dotation globale;;;;870683.0;6575343.8;1,ATLASANTE,100,IGN,BD_ADRESSE,V2.2,LAMBERT_93;2021-01-04;2002-11-21;2002-11-25;2020-01-24
010002335;010002327;PHARMACIE ORSET;PHARMACIE ORSET;;;625;AV;LEON BLUM;;;84;AUVERGNE-RHONE-ALPES;01;AIN;01004;01500;AMBERIEU EN BUGEY;01500 AMBERIEU EN BUGEY;;;620;Pharmacie d'Officine;Pharmacie d'Officine;3201;Com.Biens Usage M�d.;40952670400039;;;01;Tarif libre;Etablissement Tarif Libre;;;;881397.0;6543082.5;1,ATLASANTE,100,IGN,BD_ADRESSE,V2.2,LAMBERT_93;2021-01-04;2012-08-02;2013-07-02;2020-11-02
010002350;010002343;PHARMACIE GUSTIN;PHARMACIE GUSTIN;;;68;AV;ROGER SALENGRO;;;84;AUVERGNE-RHONE-ALPES;01;AIN;01004;01500;AMBERIEU EN BUGEY;01500 AMBERIEU EN BUGEY;04 74 46 81 46;04 74 38 06 24;620;Pharmacie d'Officine;Pharmacie d'Officine;3201;Com.Biens Usage M�d.;34055587900014;;;01;Tarif libre;Etablissement Tarif Libre;;;;881535.0;6542158.6;1,ATLASANTE,100,IGN,BD_ADRESSE,V2.2,LAMBERT_93;2021-01-04;1985-11-22;2018-07-01;2020-12-01
010002384;010002376;SELARL PHARMACIE VINOIS;SELARL PHARMACIE VINOIS;;;;RTE;DE LA MAIRIE;;;84;AUVERGNE-RHONE-ALPES;01;AIN;01005;01330;AMBERIEUX EN DOMBES;01330 AMBERIEUX EN DOMBES;04 74 00 83 11;;620;Pharmacie d'Officine;Pharmacie d'Officine;3201;Com.Biens Usage M�d.;83844528600019;;;01;Tarif libre;Etablissement Tarif Libre;;;;847342.2;6545798.4;2,ATLASANTE,84,IGN,BD_ADRESSE,V2.2,LAMBERT_93;2021-01-04;2005-10-13;2018-04-15;2020-11-24
010002400;010002392;PHARMACIE BEDOY;PHARMACIE BEDOY;;;112;;Grand Rue;;;84;AUVERGNE-RHONE-ALPES;01;AIN;01007;01500;AMBRONAY;01500 AMBRONAY;;;620;Pharmacie d'Officine;Pharmacie d'Officine;3201;Com.Biens Usage M�d.;80368467900027;;;01;Tarif libre;Etablissement Tarif Libre;;;;882571.0;6547673.4;2,ATLASANTE,100,IGN,BD_ADRESSE,V2.2,LAMBERT_93;2021-01-04;2016-05-17;2016-10-31;2020-12-05
010002434;010002426;SARL GABRIELLE GROSS;SARL GABRIELLE GROSS;;;;RTE;DE DORTAN;;;84;AUVERGNE-RHONE-ALPES;01;AIN;01014;01100;ARBENT;01100 ARBENT;04 74 77 38 19;04 74 77 38 19;620;Pharmacie d'Officine;Pharmacie d'Officine;3201;Com.Biens Usage M�d.;80263848600026;;;01;Tarif libre;Etablissement Tarif Libre;;;;904836.3;6578080.3;2,ATLASANTE,100,IGN,BD_ADRESSE,V2.2,LAMBERT_93;2021-01-04;2018-11-14;2019-04-08;2020-11-29
010002459;690039904;I.R.E.I.S DE L'AIN;INST. REG ET EUROPEEN DES METIERS DE L'INTERVENTION SOCIALE;AREFIS;;48;R;DU PELOUX;;;84;AUVERGNE-RHONE-ALPES;01;AIN;01053;01000;BOURG EN BRESSE;01000 BOURG EN BRESSE;04 37 62 14 90;04 74 21 77 93;330;Ecoles sociales;Ecoles Formant aux Professions Sociales;6201;Etab.Form.Pers.Soc.;39269401400102;8542Z;Enseignement sup�rieur;01;Tarif libre;Etablissement Tarif Libre;;;;870718.0;6568834.9;1,ATLASANTE,100,IGN,BD_ADRESSE,V2.2,LAMBERT_93;2021-01-04;1941-04-04;1941-04-04;2014-10-22
010002467;010002442;PHARMACIE D'ARS ET DOMBES;PHARMACIE D'ARS ET DOMBES;;;310;R;Jean Marie Vianney;;;84;AUVERGNE-RHONE-ALPES;01;AIN;01021;01480;ARS SUR FORMANS;01480 ARS SUR FORMANS;04 74 00 77 32;04 74 00 78 45;620;Pharmacie d'Officine;Pharmacie d'Officine;3201;Com.Biens Usage M�d.;84912431800015;;;01;Tarif libre;Etablissement Tarif Libre;;;;840946.0;6545375.6;2,ATLASANTE,100,IGN,BD_ADRESSE,V2.2,LAMBERT_93;2021-01-04;2012-06-14;2019-04-01;2020-12-11
010002483;010002475;PHARMACIE SERPINET;PHARMACIE SERPINET;;;24;R;DE SAVOIE;;;84;AUVERGNE-RHONE-ALPES;01;AIN;01022;01510;ARTEMARE;01510 ARTEMARE;04 79 87 30 05;04 79 87 36 29;620;Pharmacie d'Officine;Pharmacie d'Officine;3201;Com.Biens Usage M�d.;75166801300012;;;01;Tarif libre;Etablissement Tarif Libre;;;;909073.8;6533958.2;1,ATLASANTE,100,IGN,BD_ADRESSE,V2.2,LAMBERT_93;2021-01-04;2003-08-19;2012-06-01;2020-11-18
010002517;010002491;PHARMACIE D'ATTIGNAT;PHARMACIE D'ATTIGNAT;;;568;;GRANDE RUE;;;84;AUVERGNE-RHONE-ALPES;01;AIN;01024;01340;ATTIGNAT;01340 ATTIGNAT;04 74 30 90 60;09 70 82 23 84;620;Pharmacie d'Officine;Pharmacie d'Officine;3201;Com.Biens Usage M�d.;49764611700018;;;01;Tarif libre;Etablissement Tarif Libre;;;;866244.7;6578632.3;2,ATLASANTE,100,IGN,BD_ADRESSE,V2.2,LAMBERT_93;2021-01-04;1979-05-21;2018-12-01;2020-04-23
010002533;010002525;PHARMACIE DES BAGE;PHARMACIE DES BAGE;;;300;RTE;de Montrevel;;La Griffonni�re;84;AUVERGNE-RHONE-ALPES;01;AIN;01025;01380;BAGE DOMMARTIN;01380 BAGE DOMMARTIN;03 85 30 41 67;;620;Pharmacie d'Officine;Pharmacie d'Officine;3201;Com.Biens Usage M�d.;49133580800029;;;01;Tarif libre;Etablissement Tarif Libre;;;;849595.2;6581014.7;2,ATLASANTE,100,IGN,BD_ADRESSE,V2.2,LAMBERT_93;2021-01-04;2007-02-01;2017-11-01;2020-11-24
010002566;010002541;PHARMACIE DE BELLIGNAT;PHARMACIE DE BELLIGNAT;;;3;PL;DES ARCADES;;;84;AUVERGNE-RHONE-ALPES;01;AIN;01031;01100;BELLIGNAT;01100 BELLIGNAT;04 74 73 79 16;04 74 73 90 57;620;Pharmacie d'Officine;Pharmacie d'Officine;3201;Com.Biens Usage M�d.;52903293000016;;;01;Tarif libre;Etablissement Tarif Libre;;;;902924.8;6575740.3;2,ATLASANTE,100,IGN,BD_ADRESSE,V2.2,LAMBERT_93;2021-01-04;1991-07-05;1981-10-22;2020-12-15
010002582;010002574;PHARMACIE DE BELIGNEUX;PHARMACIE DE BELIGNEUX;;;87;RTE;DE GENEVE;;LA VALBONNE;84;AUVERGNE-RHONE-ALPES;01;AIN;01032;01360;BELIGNEUX;01360 BELIGNEUX;04 78 06 33 12;;620;Pharmacie d'Officine;Pharmacie d'Officine;3201;Com.Biens Usage M�d.;83206576700010;;;01;Tarif libre;Etablissement Tarif Libre;;;;864845.5;6530027.1;1,ATLASANTE,100,IGN,BD_ADRESSE,V2.2,LAMBERT_93;2021-01-04;2005-06-09;2017-11-01;2020-10-22
010002616;010002590;PHARMACIE DU CREDO;PHARMACIE DU CREDO;;;;AV;de Lattre de Tassigny;;;84;AUVERGNE-RHONE-ALPES;01;AIN;01033;01200;VALSERHONE;01200 VALSERHONE;04 50 48 27 26;04 50 48 03 30;620;Pharmacie d'Officine;Pharmacie d'Officine;3201;Com.Biens Usage M�d.;45252979500034;;;01;Tarif libre;Etablissement Tarif Libre;;;;917093.3;6562201.7;2,ATLASANTE,100,IGN,BD_ADRESSE,V2.2,LAMBERT_93;2021-01-04;2010-11-10;2020-12-19;2020-12-22
010002632;010002624;PHARMACIE DEBOVE;PHARMACIE DEBOVE;;;3;R;JOSEPH BERTOLA;;;84;AUVERGNE-RHONE-ALPES;01;AIN;01033;01200;VALSERHONE;01200 VALSERHONE;04 50 48 28 06;;620;Pharmacie d'Officine;Pharmacie d'Officine;3201;Com.Biens Usage M�d.;52402049200012;;;01;Tarif libre;Etablissement Tarif Libre;;;;918215.6;6560341.7;1,ATLASANTE,100,IGN,BD_ADRESSE,V2.2,LAMBERT_93;2021-01-04;1942-08-10;1942-08-10;2020-11-17
010002657;010002640;PHARMACIE MANNIER;PHARMACIE MANNIER;;;20;R;PARMENTIER;;;84;AUVERGNE-RHONE-ALPES;01;AIN;01033;01200;VALSERHONE;01200 VALSERHONE;04 50 48 23 38;;620;Pharmacie d'Officine;Pharmacie d'Officine;3201;Com.Biens Usage M�d.;34497002500013;;;01;Tarif libre;Etablissement Tarif Libre;;;;918199.8;6560460.4;1,ATLASANTE,100,IGN,BD_ADRESSE,V2.2,LAMBERT_93;2021-01-04;1942-08-10;2005-09-15;2020-12-03
010002673;010002665;GRANDE PHARMACIE DE BELLEGARDE;GRANDE PHARMACIE DE BELLEGARDE;;;69;R;DE LA REPUBLIQUE;;;84;AUVERGNE-RHONE-ALPES;01;AIN;01033;01200;VALSERHONE;01200 VALSERHONE;;;620;Pharmacie d'Officine;Pharmacie d'Officine;3201;Com.Biens Usage M�d.;84510647500013;;;01;Tarif libre;Etablissement Tarif Libre;;;;918041.7;6560142.1;1,ATLASANTE,100,IGN,BD_ADRESSE,V2.2,LAMBERT_93;2021-01-04;2016-09-13;2019-02-01;2020-11-17
010002707;010002681;PHARMACIE DE LA VALSERINE;PHARMACIE DE LA VALSERINE;;;25;R;DE LA REPUBLIQUE;;;84;AUVERGNE-RHONE-ALPES;01;AIN;01033;01200;VALSERHONE;01200 VALSERHONE;04 50 56 04 52;04 50 56 63 37;620;Pharmacie d'Officine;Pharmacie d'Officine;3201;Com.Biens Usage M�d.;47757764700027;;;01;Tarif libre;Etablissement Tarif Libre;;;;918339.4;6560346.3;2,ATLASANTE,100,IGN,BD_ADRESSE,V2.2,LAMBERT_93;2021-01-04;2006-06-29;2019-09-01;2020-12-08
010002723;010002715;PHARMACIE  CAVAGNA;PHARMACIE  CAVAGNA;;;61;;GRANDE RUE;;;84;AUVERGNE-RHONE-ALPES;01;AIN;01034;01300;BELLEY;01300 BELLEY;04 79 81 00 35;;620;Pharmacie d'Officine;Pharmacie d'Officine;3201;Com.Biens Usage M�d.;79748940800014;;;01;Tarif libre;Etablissement Tarif Libre;;;;909011.9;6521295.1;1,ATLASANTE,100,IGN,BD_ADRESSE,V2.2,LAMBERT_93;2021-01-04;1942-08-10;2019-11-15;2020-10-26
010002756;010002731;PHARMACIE GALENUS;PHARMACIE GALENUS;;;1;R;DE LA REPUBLIQUE;;;84;AUVERGNE-RHONE-ALPES;01;AIN;01034;01300;BELLEY;01300 BELLEY;04 79 81 00 19;04 79 81 79 12;620;Pharmacie d'Officine;Pharmacie d'Officine;3201;Com.Biens Usage M�d.;34766435100017;;;01;Tarif libre;Etablissement Tarif Libre;;;;908776.3;6521310.0;1,ATLASANTE,100,IGN,BD_ADRESSE,V2.2,LAMBERT_93;2021-01-04;1990-04-27;2020-09-01;2020-12-30
010002772;010002764;GRANDE PHARMACIE DES TERREAUX;GRANDE PHARMACIE DES TERREAUX;;;7;PL;DES TERREAUX;;;84;AUVERGNE-RHONE-ALPES;01;AIN;01034;01300;BELLEY;01300 BELLEY;04 79 81 02 44;;620;Pharmacie d'Officine;Pharmacie d'Officine;3201;Com.Biens Usage M�d.;54562001500010;;;01;Tarif libre;Etablissement Tarif Libre;;;;908742.5;6521389.4;1,ATLASANTE,100,IGN,BD_ADRESSE,V2.2,LAMBERT_93;2021-01-04;1942-08-10;2020-12-19;2020-12-22
010002798;010009033;GRETA DE L'AIN;;FORMATION AVS-AES;LYC�E J.M. CARRIAT;1;R;DE CROUY;;;84;AUVERGNE-RHONE-ALPES;01;AIN;01053;01000;BOURG EN BRESSE;01000 BOURG EN BRESSE;04 74 32 18 90;;330;Ecoles sociales;Ecoles Formant aux Professions Sociales;6201;Etab.Form.Pers.Soc.;19010016400028;;;99;Ind�termin�;Ind�termin�;;;0010016M;871408.4;6568791.6;1,ATLASANTE,100,IGN,BD_ADRESSE,V2.2,LAMBERT_93;2021-01-04;2003-07-01;2003-07-01;2018-11-07
010002806;010002780;D2L - PHARMACIE BELLEYSANNE;D2L - PHARMACIE BELLEYSANNE;;;2;BD;DE VERDUN;;;84;AUVERGNE-RHONE-ALPES;01;AIN;01034;01300;BELLEY;01300 BELLEY;04 79 81 27 70;;620;Pharmacie d'Officine;Pharmacie d'Officine;3201;Com.Biens Usage M�d.;44142376100010;;;01;Tarif libre;Etablissement Tarif Libre;;;;908796.1;6521432.2;1,ATLASANTE,100,IGN,BD_ADRESSE,V2.2,LAMBERT_93;2021-01-04;1963-07-31;2017-07-01;2020-12-05
010002822;010002814;PHARMACIE AFRESNE - GENTHIAL;PHARMACIE AFRESNE - GENTHIAL;;;5;PL;DE LA DOMBE;;;84;AUVERGNE-RHONE-ALPES;01;AIN;01043;01700;BEYNOST;01700 BEYNOST;04 78 55 27 60;;620;Pharmacie d'Officine;Pharmacie d'Officine;3201;Com.Biens Usage M�d.;43361584600022;;;01;Tarif libre;Etablissement Tarif Libre;;;;855236.4;6528131.0;1,ATLASANTE,88,IGN,BD_ADRESSE,V2.2,LAMBERT_93;2021-01-04;2008-10-06;2008-10-07;2020-12-11
010002848;010783009;SAMSAH CTRE RESSOURCES LESES CEREBRAUX;SAMSAH CTRE RESSOURCES LESES CEREBRAUX;;;12;R;DU PELOUX;;;84;AUVERGNE-RHONE-ALPES;01;AIN;01053;01000;BOURG EN BRESSE;01000 BOURG EN BRESSE;04 74 21 26 80;04 74 22 47 03;445;S.A.M.S.A.H.;Service d'accompagnement m�dico-social adultes handicap�s;4305;Maintien � Dom.Handi;77554456201395;;;09;ARS PCD mixte HAS;ARS PCD mixte (2 arr�t�s), habilit� aide sociale;;;;870551.6;6569176.7;1,ATLASANTE,100,IGN,BD_ADRESSE,V2.2,LAMBERT_93;2021-01-04;2003-09-29;2003-09-29;2020-10-08
010002855;010002830;PHARMACIE BLANC - JODART;PHARMACIE BLANC - JODART;;;55;R;DE LA MEULE;;;84;AUVERGNE-RHONE-ALPES;01;AIN;01049;01120;LA BOISSE;01120 LA BOISSE;;;620;Pharmacie d'Officine;Pharmacie d'Officine;3201;Com.Biens Usage M�d.;43281263400025;;;01;Tarif libre;Etablissement Tarif Libre;;;;858472.1;6529464.0;1,ATLASANTE,100,IGN,BD_ADRESSE,V2.2,LAMBERT_93;2021-01-04;2016-10-24;2017-10-02;2020-11-23
010002905;010002897;PHARMACIE DE LA PREFECTURE;PHARMACIE DE LA PREFECTURE;;;21;AV;ALSACE LORRAINE;;;84;AUVERGNE-RHONE-ALPES;01;AIN;01053;01000;BOURG EN BRESSE;01000 BOURG EN BRESSE;04 74 23 46 60;04 74 23 50 47;620;Pharmacie d'Officine;Pharmacie d'Officine;3201;Com.Biens Usage M�d.;79259703100014;;;01;Tarif libre;Etablissement Tarif Libre;;;;871444.0;6569523.5;1,ATLASANTE,100,IGN,BD_ADRESSE,V2.2,LAMBERT_93;2021-01-04;1942-08-10;2013-05-02;2019-11-21
010002921;010002913;PHARMACIE DE LA CROIX BLANCHE;PHARMACIE DE LA CROIX BLANCHE;;;41;AV;AMEDEE MERCIER;;;84;AUVERGNE-RHONE-ALPES;01;AIN;01053;01000;BOURG EN BRESSE;01000 BOURG EN BRESSE;;;620;Pharmacie d'Officine;Pharmacie d'Officine;3201;Com.Biens Usage M�d.;49065468800012;;;01;Tarif libre;Etablissement Tarif Libre;;;;872775.0;6569591.3;1,ATLASANTE,100,IGN,BD_ADRESSE,V2.2,LAMBERT_93;2021-01-04;2016-08-03;2020-01-20;2020-12-10
010002954;010002947;PHARMACIE SIMONIN;PHARMACIE SIMONIN;;;68;AV;DE PARME;;;84;AUVERGNE-RHONE-ALPES;01;AIN;01053;01000;BOURG EN BRESSE;01000 BOURG EN BRESSE;;;620;Pharmacie d'Officine;Pharmacie d'Officine;3201;Com.Biens Usage M�d.;51903057100029;;;01;Tarif libre;Etablissement Tarif Libre;;;;873086.1;6570891.0;1,ATLASANTE,100,IGN,BD_ADRESSE,V2.2,LAMBERT_93;2021-01-04;2017-12-06;2018-06-19;2020-12-18
010002970;010002962;PHARMACIE CALMELS;PHARMACIE CALMELS;;;146;BD;DE BROU;;;84;AUVERGNE-RHONE-ALPES;01;AIN;01053;01000;BOURG EN BRESSE;01000 BOURG EN BRESSE;04 74 22 20 52;;620;Pharmacie d'Officine;Pharmacie d'Officine;3201;Com.Biens Usage M�d.;30119649900018;;;01;Tarif libre;Etablissement Tarif Libre;;;;872260.5;6569005.7;1,ATLASANTE,100,IGN,BD_ADRESSE,V2.2,LAMBERT_93;2021-01-04;1988-10-31;1974-02-06;2019-07-23
010003002;010002996;PHARMACIE DES ARCADES;PHARMACIE DES ARCADES;;;18;R;GAMBETTA;;;84;AUVERGNE-RHONE-ALPES;01;AIN;01053;01000;BOURG EN BRESSE;01000 BOURG EN BRESSE;04 74 23 54 73;04 74 24 72 75;620;Pharmacie d'Officine;Pharmacie d'Officine;3201;Com.Biens Usage M�d.;82487144600012;;;01;Tarif libre;Etablissement Tarif Libre;;;;871673.0;6569658.2;1,ATLASANTE,100,IGN,BD_ADRESSE,V2.2,LAMBERT_93;2021-01-04;1942-08-10;2017-01-25;2020-11-17
010003036;010003010;PHARMACIE LA REYSSOUZE;PHARMACIE LA REYSSOUZE;;;17;BD;IRENE JOLIOT CURIE;;;84;AUVERGNE-RHONE-ALPES;01;AIN;01053;01000;BOURG EN BRESSE;01000 BOURG EN BRESSE;04 74 45 26 81;;620;Pharmacie d'Officine;Pharmacie d'Officine;3201;Com.Biens Usage M�d.;51346785200010;;;01;Tarif libre;Etablissement Tarif Libre;;;;872171.2;6570166.9;2,ATLASANTE,100,IGN,BD_ADRESSE,V2.2,LAMBERT_93;2021-01-04;1965-12-09;2009-07-15;2020-11-24
010003051;010003044;PHARMACIE DU PLATEAU;PHARMACIE DU PLATEAU;;;3;AV;JEAN JAURES;;;84;AUVERGNE-RHONE-ALPES;01;AIN;01053;01000;BOURG EN BRESSE;01000 BOURG EN BRESSE;04 74 21 35 93;;620;Pharmacie d'Officine;Pharmacie d'Officine;3201;Com.Biens Usage M�d.;83877718300016;;;01;Tarif libre;Etablissement Tarif Libre;;;;871082.1;6569129.2;1,ATLASANTE,100,IGN,BD_ADRESSE,V2.2,LAMBERT_93;2021-01-04;1950-01-09;2018-06-01;2019-04-12
010003069;010003028;SAVS VIVRE EN VILLE 01 BOURG-EN BRESSE;SAVS VIVRE EN VILLE 01 BOURG-EN BRESSE;;;14;R;DE LA GRENOUILLERE;;;84;AUVERGNE-RHONE-ALPES;01;AIN;01053;01000;BOURG EN BRESSE;01000 BOURG EN BRESSE;04 74 22 49 67;;446;S.A.V.S.;Service d'Accompagnement � la Vie Sociale (S.A.V.S.);4305;Maintien � Dom.Handi;44969996600023;9499Z;Autres organisations fonctionnant par adh�sion volontaire;08;Pdt D�partement;Pr�sident du Conseil D�partemental;;;;871625.4;6570046.3;1,ATLASANTE,100,IGN,BD_ADRESSE,V2.2,LAMBERT_93;2021-01-04;2003-11-17;2004-04-01;2020-09-04
010003085;010003077;PHARMACIE DU FAUBOURG;PHARMACIE DU FAUBOURG;;;12;AV;DE MACON;;;84;AUVERGNE-RHONE-ALPES;01;AIN;01053;01000;BOURG EN BRESSE;01000 BOURG EN BRESSE;04 74 22 31 06;04 74 22 50 87;620;Pharmacie d'Officine;Pharmacie d'Officine;3201;Com.Biens Usage M�d.;50116533600014;;;01;Tarif libre;Etablissement Tarif Libre;;;;871200.9;6570010.6;2,ATLASANTE,100,IGN,BD_ADRESSE,V2.2,LAMBERT_93;2021-01-04;1989-08-25;2007-12-01;2020-11-18
010003101;010003093;PHARMACIE LAINE;PHARMACIE LAINE;;;35;AV;MAGINOT;;;84;AUVERGNE-RHONE-ALPES;01;AIN;01053;01000;BOURG EN BRESSE;01000 BOURG EN BRESSE;04 74 23 23 31;;620;Pharmacie d'Officine;Pharmacie d'Officine;3201;Com.Biens Usage M�d.;40538056900021;;;01;Tarif libre;Etablissement Tarif Libre;;;;871710.8;6570101.0;1,ATLASANTE,100,IGN,BD_ADRESSE,V2.2,LAMBERT_93;2021-01-04;1961-07-04;1996-07-01;2020-10-14
010003119;010003028;SERVICE D'ACCUEIL DE JOUR EMILE BRUN;"SERVICE D'ACCUEIL DE JOUR - ASSOCIATION ""VIVRE EN VILLE 01""";;;14;R;DE LA GRENOUILLERE;;;84;AUVERGNE-RHONE-ALPES;01;AIN;01053;01000;BOURG EN BRESSE;01000 BOURG EN BRESSE;04 74 22 49 67;;379;Etab.Exp�r.A.H.;Etablissement Exp�rimental pour Adultes Handicap�s;4304;Etab.Exp�ri.Adul.Han;;;;08;Pdt D�partement;Pr�sident du Conseil D�partemental;;;;871625.4;6570046.3;1,ATLASANTE,100,IGN,BD_ADRESSE,V2.2,LAMBERT_93;2021-01-04;2003-10-17;2003-11-01;2020-09-04
010003135;010003127;SELARL SELIGNAT;SELARL SELIGNAT;;;45;R;MARECHAL FOCH;;;84;AUVERGNE-RHONE-ALPES;01;AIN;01053;01000;BOURG EN BRESSE;01000 BOURG EN BRESSE;04 74 22 17 29;;620;Pharmacie d'Officine;Pharmacie d'Officine;3201;Com.Biens Usage M�d.;83450507500012;;;01;Tarif libre;Etablissement Tarif Libre;;;;871826.1;6569725.8;1,ATLASANTE,100,IGN,BD_ADRESSE,V2.2,LAMBERT_93;2021-01-04;1942-08-10;2018-02-01;2020-12-18
010003150;010003143;PHARMACIE DES VENNES;PHARMACIE DES VENNES;;;14;R;MOLIERE;;;84;AUVERGNE-RHONE-ALPES;01;AIN;01053;01000;BOURG EN BRESSE;01000 BOURG EN BRESSE;04 74 21 20 19;04 72 32 62 60;620;Pharmacie d'Officine;Pharmacie d'Officine;3201;Com.Biens Usage M�d.;87926444800017;;;01;Tarif libre;Etablissement Tarif Libre;;;;872058.0;6567952.5;1,ATLASANTE,100,IGN,BD_ADRESSE,V2.2,LAMBERT_93;2021-01-04;1967-05-25;2019-12-27;2020-11-07
010003168;010007615;RESIDENCE LA FRUITIERE;RESIDENCE LA FRUITIERE;;;;AV;DE LA RESISTANCE;;;84;AUVERGNE-RHONE-ALPES;01;AIN;01303;01450;PONCIN;01450 PONCIN;04 74 37 32 87;;202;R�sidences autonomie;R�sidences autonomie;4401;H�berg.Pers.Ag�es;;;;01;Tarif libre;Etablissement Tarif Libre;;;;885970.7;6557159.5;2,ATLASANTE,100,IGN,BD_ADRESSE,V2.2,LAMBERT_93;2021-01-04;2017-01-03;2004-05-28;2020-01-21
010003184;010003176;PHARMACIE DU CARREFOUR;PHARMACIE DU CARREFOUR;;;;BD;CHARLES DE GAULLE;;;84;AUVERGNE-RHONE-ALPES;01;AIN;01053;01000;BOURG EN BRESSE;01000 BOURG EN BRESSE;04 74 45 22 82;04 74 45 14 69;620;Pharmacie d'Officine;Pharmacie d'Officine;3201;Com.Biens Usage M�d.;51346803300016;;;01;Tarif libre;Etablissement Tarif Libre;;;;872895.7;6569529.1;2,ATLASANTE,100,IGN,BD_ADRESSE,V2.2,LAMBERT_93;2021-01-04;2011-10-21;2012-11-26;2020-12-18
010003200;010003192;PHARMACIE BRESSANE;PHARMACIE BRESSANE;;;;R;DU STAND;;;84;AUVERGNE-RHONE-ALPES;01;AIN;01053;01000;BOURG EN BRESSE;01000 BOURG EN BRESSE;04 74 21 15 12;04 74 21 81 42;620;Pharmacie d'Officine;Pharmacie d'Officine;3201;Com.Biens Usage M�d.;42375844000022;;;01;Tarif libre;Etablissement Tarif Libre;;;;872203.9;6568113.2;2,ATLASANTE,100,IGN,BD_ADRESSE,V2.2,LAMBERT_93;2021-01-04;2001-01-10;2001-11-19;2020-10-16
010003218;750050916;IME HENRI LAFAY;;;;1;R;DU DOCTEUR DUBY;;;84;AUVERGNE-RHONE-ALPES;01;AIN;01053;01000;BOURG EN BRESSE;01000 BOURG EN BRESSE;04 74 22 13 32;04 74 45 16 22;183;I.M.E.;Institut M�dico-Educatif (I.M.E.);4101;D�f.Mentaux et Hand.;78457968201904;;;05;ARS / Non DG;ARS �tablissements m�dico-soc. non financ�s dotation globale;;;;871540.2;6570406.9;2,ATLASANTE,100,IGN,BD_ADRESSE,V2.2,LAMBERT_93;2021-01-04;2003-09-19;2004-10-22;2020-04-06
010003267;010003242;PHARMACIE PASTEUR;PHARMACIE PASTEUR;;;19;R;NOTRE DAME;;;84;AUVERGNE-RHONE-ALPES;01;AIN;01053;01000;BOURG EN BRESSE;01000 BOURG EN BRESSE;04 74 22 67 50;04 74 23 64 85;620;Pharmacie d'Officine;Pharmacie d'Officine;3201;Com.Biens Usage M�d.;82749553200026;;;01;Tarif libre;Etablissement Tarif Libre;;;;871652.2;6569717.6;1,ATLASANTE,100,IGN,BD_ADRESSE,V2.2,LAMBERT_93;2021-01-04;2017-05-24;2017-08-04;2019-10-08
010003283;010003275;PHARMACIE DU NORD;PHARMACIE DU NORD;;;16;AV;DE MARBOZ;;;84;AUVERGNE-RHONE-ALPES;01;AIN;01053;01000;BOURG EN BRESSE;01000 BOURG EN BRESSE;04 74 24 71 86;;620;Pharmacie d'Officine;Pharmacie d'Officine;3201;Com.Biens Usage M�d.;75070725900016;;;01;Tarif libre;Etablissement Tarif Libre;;;;871699.3;6571086.4;1,ATLASANTE,100,IGN,BD_ADRESSE,V2.2,LAMBERT_93;2021-01-04;2006-04-03;2012-07-01;2020-12-02
010003317;010003291;PHARMACIE BOUVIER;PHARMACIE BOUVIER;;;;RES;DE CESSY;;;84;AUVERGNE-RHONE-ALPES;01;AIN;01071;01170;CESSY;01170 CESSY;04 50 41 40 60;;620;Pharmacie d'Officine;Pharmacie d'Officine;3201;Com.Biens Usage M�d.;40222575900016;;;01;Tarif libre;Etablissement Tarif Libre;;;;936157.4;6584276.0;3,ATLASANTE,100,IGN,BD_ADRESSE,V2.2,LAMBERT_93;2021-01-04;1995-06-27;1995-09-19;2020-11-20
010003333;010003325;PHARMACIE DE CEYZERIAT;PHARMACIE DE CEYZERIAT;;;2;AV;DU REVERMONT;;;84;AUVERGNE-RHONE-ALPES;01;AIN;01072;01250;CEYZERIAT;01250 CEYZERIAT;04 74 30 00 61;04 74 25 07 86;620;Pharmacie d'Officine;Pharmacie d'Officine;3201;Com.Biens Usage M�d.;49780421100017;;;01;Tarif libre;Etablissement Tarif Libre;;;;879078.8;6567004.2;2,ATLASANTE,100,IGN,BD_ADRESSE,V2.2,LAMBERT_93;2021-01-04;1986-07-22;2007-07-01;2020-12-15
010003358;010003309;RESIDENCE DALLEX ALLOMBERT;;DALLEX ALLOMBERT;;2;RTE;DE LA FORGE;;;84;AUVERGNE-RHONE-ALPES;01;AIN;01031;01100;BELLIGNAT;01100 BELLIGNAT;04 74 73 92 37;;202;R�sidences autonomie;R�sidences autonomie;4401;H�berg.Pers.Ag�es;21010031900123;8730A;H�bergement social pour personnes �g�es;01;Tarif libre;Etablissement Tarif Libre;;;;902452.1;6574886.5;1,ATLASANTE,100,IGN,BD_ADRESSE,V2.2,LAMBERT_93;2021-01-04;2004-12-23;2007-11-01;2017-03-02
010003366;010003341;PHARMACIE OLIVA-SEVAIN;PHARMACIE OLIVA-SEVAIN;;;;PL;DU MARCHE;;;84;AUVERGNE-RHONE-ALPES;01;AIN;01074;01320;CHALAMONT;01320 CHALAMONT;04 74 61 70 21;04 74 46 91 23;620;Pharmacie d'Officine;Pharmacie d'Officine;3201;Com.Biens Usage M�d.;53860677300017;;;01;Tarif libre;Etablissement Tarif Libre;;;;867993.2;6546448.7;2,ATLASANTE,100,IGN,BD_ADRESSE,V2.2,LAMBERT_93;2021-01-04;2005-12-09;2012-02-01;2020-12-05
010003382;010003374;PHARMACIE DU VALROMEY;PHARMACIE DU VALROMEY;;;214;;Grand Rue;;;84;AUVERGNE-RHONE-ALPES;01;AIN;01079;01260;CHAMPAGNE EN VALROMEY;01260 CHAMPAGNE EN VALROMEY;04 79 87 61 44;09 82 63 23 84;620;Pharmacie d'Officine;Pharmacie d'Officine;3201;Com.Biens Usage M�d.;88280129300011;;;01;Tarif libre;Etablissement Tarif Libre;;;;907623.8;6537415.1;2,ATLASANTE,100,IGN,BD_ADRESSE,V2.2,LAMBERT_93;2021-01-04;1998-02-25;2020-05-01;2020-11-24
010003416;010003390;PHARMACIE DE LA MICHAILLE;PHARMACIE DE LA MICHAILLE;;;7;R;DE LA POSTE;;;84;AUVERGNE-RHONE-ALPES;01;AIN;01033;01200;VALSERHONE;01200 VALSERHONE;04 50 59 76 05;04 50 59 74 13;620;Pharmacie d'Officine;Pharmacie d'Officine;3201;Com.Biens Usage M�d.;82265270700016;;;01;Tarif libre;Etablissement Tarif Libre;;;;917410.8;6559352.8;2,ATLASANTE,100,IGN,BD_ADRESSE,V2.2,LAMBERT_93;2021-01-04;1982-06-18;2016-04-01;2019-12-19
010003432;010003424;PHARMACIE CHANEL;PHARMACIE CHANEL;;;145;AV;MARECHAL FOCH;;;84;AUVERGNE-RHONE-ALPES;01;AIN;01093;01400;CHATILLON SUR CHALARONNE;01400 CHATILLON SUR CHALARONNE;04 74 55 00 81;;620;Pharmacie d'Officine;Pharmacie d'Officine;3201;Com.Biens Usage M�d.;39309563300029;;;01;Tarif libre;Etablissement Tarif Libre;;;;850938.2;6559810.4;2,ATLASANTE,100,IGN,BD_ADRESSE,V2.2,LAMBERT_93;2021-01-04;2017-12-15;2018-06-04;2019-10-08
010003473;010003465;PHIE LUGINBUHL-BERNADAC & ASSOCIES;PHIE LUGINBUHL-BERNADAC & ASSOCIES;;;;;GRANDE RUE;;;84;AUVERGNE-RHONE-ALPES;01;AIN;01108;01270;COLIGNY;01270 COLIGNY;04 74 30 11 54;04 74 30 12 02;620;Pharmacie d'Officine;Pharmacie d'Officine;3201;Com.Biens Usage M�d.;48818633900013;;;01;Tarif libre;Etablissement Tarif Libre;;;;880225.2;6589653.0;2,ATLASANTE,100,IGN,BD_ADRESSE,V2.2,LAMBERT_93;2021-01-04;1980-04-17;2011-12-31;2020-11-28
010003507;010003481;PHARMACIE DU FORT;PHARMACIE DU FORT;;;100;GR;;;;84;AUVERGNE-RHONE-ALPES;01;AIN;01109;01550;COLLONGES;01550 COLLONGES;;;620;Pharmacie d'Officine;Pharmacie d'Officine;3201;Com.Biens Usage M�d.;48166526300028;;;01;Tarif libre;Etablissement Tarif Libre;;;;924127.1;6564044.9;2,ATLASANTE,100,IGN,BD_ADRESSE,V2.2,LAMBERT_93;2021-01-04;2014-01-15;2014-05-05;2020-11-28
010003523;010003515;PHARMACIE DU COLOMBIER;PHARMACIE DU COLOMBIER;;;1;AV;JEAN FALCONNIER;;;84;AUVERGNE-RHONE-ALPES;01;AIN;01138;01350;CULOZ;01350 CULOZ;04 79 87 00 17;04 79 87 08 63;620;Pharmacie d'Officine;Pharmacie d'Officine;3201;Com.Biens Usage M�d.;75305914600013;;;01;Tarif libre;Etablissement Tarif Libre;;;;915804.1;6531403.3;1,ATLASANTE,100,IGN,BD_ADRESSE,V2.2,LAMBERT_93;2021-01-04;2000-07-24;2018-12-01;2020-12-30
010003549;010780054;ECOLE SANITAIRE DU CH FLEYRIAT;;;;900;RTE;PARIS;;CS 90401;84;AUVERGNE-RHONE-ALPES;01;AIN;01053;01012;BOURG EN BRESSE CEDEX;01012 BOURG EN BRESSE CEDEX;04 74 45 43 83;04 74 45 43 84;300;Ecoles sanitaires;Ecoles Formant aux Professions Sanitaires;6101;Etab.Form.Pers.San.;26010004500095;8542Z;Enseignement sup�rieur;03;ARS / DG EPS;ARS �tablissements Publics de sant� dotation globale;1;Etab.public de sant�;;871098.5;6569397.6;3,ATLASANTE,100,IGN,BD_ADRESSE,V2.2,LAMBERT_93;2021-01-04;1979-02-13;1979-02-13;2014-01-20
010003556;010003531;EURL PHARMACIE XAVIER GUYOT;EURL PHARMACIE XAVIER GUYOT;;;1147;R;DE GENEVE;;;84;AUVERGNE-RHONE-ALPES;01;AIN;01142;01120;DAGNEUX;01120 DAGNEUX;;;620;Pharmacie d'Officine;Pharmacie d'Officine;3201;Com.Biens Usage M�d.;49066213700036;;;01;Tarif libre;Etablissement Tarif Libre;;;;861126.9;6530044.1;2,ATLASANTE,100,IGN,BD_ADRESSE,V2.2,LAMBERT_93;2021-01-04;2016-11-28;2017-05-09;2020-05-06
010003572;010003564;PHARMACIE DES BAINS;PHARMACIE DES BAINS;;;31;R;DES BAINS;;;84;AUVERGNE-RHONE-ALPES;01;AIN;01143;01220;DIVONNE LES BAINS;01220 DIVONNE LES BAINS;04 50 20 00 57;;620;Pharmacie d'Officine;Pharmacie d'Officine;3201;Com.Biens Usage M�d.;52843204000012;;;01;Tarif libre;Etablissement Tarif Libre;;;;941215.5;6588776.7;1,ATLASANTE,100,IGN,BD_ADRESSE,V2.2,LAMBERT_93;2021-01-04;1942-05-29;1942-05-29;2020-12-16
010003598;010008407;IFAS CH DU HAUT BUGEY;;;;1;RTE;DE VEYZIAT;;CS 20100;84;AUVERGNE-RHONE-ALPES;01;AIN;01283;01117;OYONNAX CEDEX;01117 OYONNAX CEDEX;04 74 73 11 21;04 74 73 10 02;300;Ecoles sanitaires;Ecoles Formant aux Professions Sanitaires;6101;Etab.Form.Pers.San.;26011021800096;;;03;ARS / DG EPS;ARS �tablissements Publics de sant� dotation globale;1;Etab.public de sant�;;902284.5;6578385.1;1,ATLASANTE,100,IGN,BD_ADRESSE,V2.2,LAMBERT_93;2021-01-04;1901-01-01;1901-01-01;2013-09-23
010003606;010003580;PHARMACIE CENTRALE;PHARMACIE CENTRALE;;;132;;GRANDE RUE;;;84;AUVERGNE-RHONE-ALPES;01;AIN;01143;01220;DIVONNE LES BAINS;01220 DIVONNE LES BAINS;04 50 20 00 93;;620;Pharmacie d'Officine;Pharmacie d'Officine;3201;Com.Biens Usage M�d.;52305781800016;;;01;Tarif libre;Etablissement Tarif Libre;;;;941403.0;6588787.2;1,ATLASANTE,100,IGN,BD_ADRESSE,V2.2,LAMBERT_93;2021-01-04;1942-05-29;1942-05-29;2020-11-17
010003622;010003614;PHARMACIE DE DORTAN;PHARMACIE DE DORTAN;;;;R;COLONEL ROMANS PETIT;;;84;AUVERGNE-RHONE-ALPES;01;AIN;01148;01590;DORTAN;01590 DORTAN;04 74 77 71 61;04 74 76 88 23;620;Pharmacie d'Officine;Pharmacie d'Officine;3201;Com.Biens Usage M�d.;83422965000017;;;01;Tarif libre;Etablissement Tarif Libre;;;;904559.7;6582857.8;2,ATLASANTE,100,IGN,BD_ADRESSE,V2.2,LAMBERT_93;2021-01-04;1965-02-01;2018-01-15;2020-11-17
010003655;010003630;PHARMACIE DE FAREINS;PHARMACIE DE FAREINS;;;279;RTE;de Flech�res;;;84;AUVERGNE-RHONE-ALPES;01;AIN;01157;01480;FAREINS;01480 FAREINS;04 74 67 87 15;04 74 67 92 50;620;Pharmacie d'Officine;Pharmacie d'Officine;3201;Com.Biens Usage M�d.;83358331300014;;;01;Tarif libre;Etablissement Tarif Libre;;;;836205.1;6548309.1;2,ATLASANTE,100,IGN,BD_ADRESSE,V2.2,LAMBERT_93;2021-01-04;1982-03-04;2018-01-01;2020-12-09
010003671;010003663;PHARMACIE DE FEILLENS;PHARMACIE DE FEILLENS;;;210;;GRANDE RUE;;;84;AUVERGNE-RHONE-ALPES;01;AIN;01159;01570;FEILLENS;01570 FEILLENS;03 85 30 03 47;03 85 23 97 33;620;Pharmacie d'Officine;Pharmacie d'Officine;3201;Com.Biens Usage M�d.;83209605100012;;;01;Tarif libre;Etablissement Tarif Libre;;;;845094.0;6582958.1;1,ATLASANTE,100,IGN,BD_ADRESSE,V2.2,LAMBERT_93;2021-01-04;1965-08-11;2017-11-01;2020-12-05
010003689;010785947;SIAAM01 - SAFEP - SAAAIS;SCE ACCOMPAG.FAM.ET D'�DUC.PR�COCE-SCE AIDE � L'ACQUISITION;;;1;R;DES DIMES;;;84;AUVERGNE-RHONE-ALPES;01;AIN;01053;01000;BOURG EN BRESSE;01000 BOURG EN BRESSE;04 74 22 85 98;04 74 22 01 71;182;S.E.S.S.A.D.;Service d'�ducation Sp�ciale et de Soins � Domicile;4106;Serv.Dom.Ambul.Handi;31550201300107;;;57;ARS/ARS PCD Dot.Glob;ARS /ARS PCD   Dotation forfait ou prix de journ�e globalis�;;;;872464.7;6569728.0;1,ATLASANTE,100,IGN,BD_ADRESSE,V2.2,LAMBERT_93;2021-01-04;2005-06-23;2005-08-25;2019-07-15
010003705;010003697;PHARMACIE REVOL;PHARMACIE REVOL;;;5;AV;VOLTAIRE;;;84;AUVERGNE-RHONE-ALPES;01;AIN;01160;01210;FERNEY VOLTAIRE;01210 FERNEY VOLTAIRE;04 50 40 72 10;04 50 40 17 64;620;Pharmacie d'Officine;Pharmacie d'Officine;3201;Com.Biens Usage M�d.;49911859400013;;;01;Tarif libre;Etablissement Tarif Libre;;;;939495.8;6577713.7;1,ATLASANTE,100,IGN,BD_ADRESSE,V2.2,LAMBERT_93;2021-01-04;1959-11-09;2007-05-31;2020-10-31
010003721;010003713;PHARMACIE DU LEVANT;PHARMACIE DU LEVANT;;;6;CHE;DU LEVANT;;;84;AUVERGNE-RHONE-ALPES;01;AIN;01160;01210;FERNEY VOLTAIRE;01210 FERNEY VOLTAIRE;04 50 40 68 97;04 50 40 68 97;620;Pharmacie d'Officine;Pharmacie d'Officine;3201;Com.Biens Usage M�d.;50226575400015;;;01;Tarif libre;Etablissement Tarif Libre;;;;939961.1;6577988.0;1,ATLASANTE,100,IGN,BD_ADRESSE,V2.2,LAMBERT_93;2021-01-04;1974-05-08;2016-09-01;2020-07-23
010003754;010003747;PHARMACIE DE LA POTERIE;PHARMACIE DE LA POTERIE;;;;ZONE;ARTISANALE DE LA POTERIE;;;84;AUVERGNE-RHONE-ALPES;01;AIN;01160;01210;FERNEY VOLTAIRE;01210 FERNEY VOLTAIRE;04 50 40 97 44;04 50 40 97 44;620;Pharmacie d'Officine;Pharmacie d'Officine;3201;Com.Biens Usage M�d.;44305977900019;;;01;Tarif libre;Etablissement Tarif Libre;;;;940290.6;6577381.5;2,ATLASANTE,84,IGN,BD_ADRESSE,V2.2,LAMBERT_93;2021-01-04;1990-12-12;2018-09-03;2020-12-23
010003770;010003762;PHARMACIE DE GEX;PHARMACIE DE GEX;;;;;;;;84;AUVERGNE-RHONE-ALPES;01;AIN;01173;01170;GEX;01170 GEX;04 50 41 52 75;04 50 41 95 85;620;Pharmacie d'Officine;Pharmacie d'Officine;3201;Com.Biens Usage M�d.;48929479300018;;;01;Tarif libre;Etablissement Tarif Libre;;;;935174.3;6586139.9;3,ATLASANTE,100,IGN,BD_ADRESSE,V2.2,LAMBERT_93;2021-01-04;1972-05-10;2006-04-01;2020-10-17
010003788;010003739;MAISON FAMILIALE RURALE DE LA DOMBES;;;;;;LA SAULSAIE;;;84;AUVERGNE-RHONE-ALPES;01;AIN;01262;01120;MONTLUEL;01120 MONTLUEL;04 78 06 64 33;04 78 06 60 31;330;Ecoles sociales;Ecoles Formant aux Professions Sociales;6201;Etab.Form.Pers.Soc.;43918302100013;8532Z;Enseignement secondaire technique ou professionnel;01;Tarif libre;Etablissement Tarif Libre;;;0011361Z;856415.2;6535903.0;2,ATLASANTE,100,IGN,BD_ADRESSE,V2.2,LAMBERT_93;2021-01-04;1904-01-01;1904-01-01;2013-11-27
010003804;010003796;PHARMACIE ROMAND;PHARMACIE ROMAND;;;;AV;DE LA GARE;;;84;AUVERGNE-RHONE-ALPES;01;AIN;01173;01170;GEX;01170 GEX;04 50 41 54 04;04 50 41 53 02;620;Pharmacie d'Officine;Pharmacie d'Officine;3201;Com.Biens Usage M�d.;83366370100013;;;01;Tarif libre;Etablissement Tarif Libre;;;;935457.4;6586002.4;2,ATLASANTE,100,IGN,BD_ADRESSE,V2.2,LAMBERT_93;2021-01-04;1998-02-16;2018-01-12;2020-12-08
