IRIS1,TYP_IRIS,NB,APL,LIB_IRIS,DEPCOM,LIBCOM
60010000,Z,0,0,Aiglun (commune non irisée),06001,Aiglun
60020000,Z,0,0,Amirat (commune non irisée),06002,Amirat
60030000,Z,0,19.307055,Andon (commune non irisée),06003,Andon
60040101,A,0,187.79898,Les Trois Moulins,06004,Antibes
60040102,H,2,154.79964,Les Semboules,06004,Antibes
60040103,H,0,60.522591,Le Cap,06004,Antibes
60040104,H,1,178.16772,Les Cougoulins-Rastines,06004,Antibes
60040105,H,2,122.18807,La Constance-Le Puy,06004,Antibes
60040106,H,8.8299999,116.33142,Les Groules-Les Bréguières,06004,Antibes
60040107,H,4.5,107.74518,Azurville-Val Claret,06004,Antibes
60040108,H,0,110.15157,La Fontonne,06004,Antibes
60040109,H,2,145.65378,Les Combes,06004,Antibes
60040110,H,0,114.18756,Rabiac-La Paganne,06004,Antibes
60040111,H,0,113.91683,La Colle,06004,Antibes
60040112,H,2.6600001,116.57404,Les Prugnons,06004,Antibes
60040113,A,0,82.870033,Port Vauban,06004,Antibes
60040114,H,11,131.45462,Lagare,06004,Antibes
60040115,H,2.5,87.039795,Vieille Ville,06004,Antibes
60040116,H,3,143.2384,Les Bastides,06004,Antibes
60040117,H,1,139.33267,Fontmerle,06004,Antibes
60040118,H,.5,119.23777,Laval,06004,Antibes
60040119,H,0,140.05887,L'Estagnol,06004,Antibes
60040120,H,0,120.87599,Saint-Jean,06004,Antibes
60040121,H,0,104.2617,La Badine,06004,Antibes
60040122,H,4,123.11762,Saint-Maymes-Lauvert,06004,Antibes
60040123,H,22,124.99866,Place de Gaulle,06004,Antibes
60040124,H,3,96.324066,Ponteil,06004,Antibes
60040125,H,9,99.917488,Juan Les Pins-Gallice,06004,Antibes
60040126,H,3,116.20336,Pont du Lys-Antibes-Les Pins,06004,Antibes
60050000,Z,0,0,Ascros (commune non irisée),06005,Ascros
60060000,Z,2.3299999,40.934875,Aspremont (commune non irisée),06006,Aspremont
60070000,Z,4,71.485489,Auribeau-sur-Siagne (commune non irisée),06007,Auribeau-sur-Siagne
60080000,Z,0,0,Auvare (commune non irisée),06008,Auvare
60090000,Z,0,2.2168291,Bairols (commune non irisée),06009,Bairols
60100000,Z,3,60.486225,Le Bar-sur-Loup (commune non irisée),06010,Le Bar-sur-Loup
60110000,Z,5,62.382038,Beaulieu-sur-Mer (commune non irisée),06011,Beaulieu-sur-Mer
60120101,H,0,73.563972,Beausoleil Supérieur,06012,Beausoleil
60120102,H,6.5,93.743706,Tenao Inférieur,06012,Beausoleil
60120103,H,1,78.349442,Moneghetti Ouest,06012,Beausoleil
60120104,H,2,68.778534,Moneghetti Est,06012,Beausoleil
60120105,H,9,87.412399,Centre,06012,Beausoleil
60130000,Z,0,44.056915,Belvédère (commune non irisée),06013,Belvédère
60140000,Z,0,20.92197,Bendejun (commune non irisée),06014,Bendejun
60150000,Z,0,19.969788,Berre-les-Alpes (commune non irisée),06015,Berre-les-Alpes
60160000,Z,0,4.7947145,Beuil (commune non irisée),06016,Beuil
60170000,Z,0,14.731318,Bézaudun-les-Alpes (commune non irisée),06017,Bézaudun-les-Alpes
60180101,H,8,94.982262,Village-Saint-Julien-Saint-Pierre,06018,Biot
60180102,H,0,63.797352,Vallée Verte-Issarts-Vignasses,06018,Biot
60180103,H,2,125.49276,Bois Fleuri-Chèvre d'Or-Saint-Philippe,06018,Biot
60190000,Z,2.5,52.674915,Blausasc (commune non irisée),06019,Blausasc
60200000,Z,0,43.221485,La Bollène-Vésubie (commune non irisée),06020,La Bollène-Vésubie
60210000,Z,0,18.273348,Bonson (commune non irisée),06021,Bonson
60220000,Z,1,50.069103,Bouyon (commune non irisée),06022,Bouyon
60230000,Z,3,120.04351,Breil-sur-Roya (commune non irisée),06023,Breil-sur-Roya
60240000,Z,0,0,Briançonnet (commune non irisée),06024,Briançonnet
60250000,Z,0,13.953691,Le Broc (commune non irisée),06025,Le Broc
60260000,Z,1,64.962906,Cabris (commune non irisée),06026,Cabris
60270101,H,9.3299999,155.61206,Le Centre-Le Haut de Cagnes,06027,Cagnes-sur-Mer
60270102,H,4.5,139.86786,La Gare,06027,Cagnes-sur-Mer
60270103,H,18.25,177.73849,L'Hubac,06027,Cagnes-sur-Mer
60270104,H,4.5,125.16869,Saint-Jean,06027,Cagnes-sur-Mer
60270105,H,0,141.30263,Saint-Véran,06027,Cagnes-sur-Mer
60270106,D,3,157.87634,Hippodrome,06027,Cagnes-sur-Mer
60270107,H,6,169.40588,Juin-Kennedy,06027,Cagnes-sur-Mer
60270108,H,0,115.46413,Le Cros de Cagnes,06027,Cagnes-sur-Mer
60270109,H,1,134.80925,Les Vespins,06027,Cagnes-sur-Mer
60270110,H,3,123.14241,Bréguières Sud,06027,Cagnes-sur-Mer
60270111,H,1,101.34859,Bréguières Nord,06027,Cagnes-sur-Mer
60270112,H,3,69.865776,Le Nord-Est,06027,Cagnes-sur-Mer
60270113,H,2,115.18524,Les Gros Buaux,06027,Cagnes-sur-Mer
60270114,H,2,103.96417,Les Colettes,06027,Cagnes-sur-Mer
60270115,H,0,99.217957,Le Nord-Ouest,06027,Cagnes-sur-Mer
60270116,H,2,141.944,Le Village du Cros,06027,Cagnes-sur-Mer
60270117,H,3,137.73323,RN7,06027,Cagnes-sur-Mer
60280000,Z,0,37.556976,Caille (commune non irisée),06028,Caille
60290101,H,4,95.823692,Moure Rouge,06029,Cannes
60290102,H,4,118.40913,La Source,06029,Cannes
60290103,H,2,99.767677,La Californie,06029,Cannes
60290104,H,.25,114.65077,Montfleury,06029,Cannes
60290105,H,0,126.18296,La Peyrière,06029,Cannes
60290106,H,5.5,123.13385,Terrefial,06029,Cannes
60290107,H,7.5,142.61365,Camp Long,06029,Cannes
60290108,H,1,121.67899,Carnot,06029,Cannes
60290109,H,1.5,122.02852,Saint-Nicolas,06029,Cannes
60290110,H,5.5,126.80096,Gare,06029,Cannes
60290111,H,18,123.62652,Croisette-Palm-Beach,06029,Cannes
60290112,H,5.5,136.03918,Petit Juas,06029,Cannes
60290113,H,1,107.87037,Vallergues,06029,Cannes
60290114,H,3,121.68952,Broussailles,06029,Cannes
60290115,H,2,111.45155,Tassigny,06029,Cannes
60290116,H,1,124.23222,Stanislas,06029,Cannes
60290117,H,4,125.66116,Le Vieux Port-Les îles,06029,Cannes
60290118,H,1,129.21466,Le Grand Jas,06029,Cannes
60290119,H,2,114.19628,Le Riou,06029,Cannes
60290120,H,0,87.529228,Croix des Gardes,06029,Cannes
60290121,H,6.5,93.30262,Pierre Longue,06029,Cannes
60290122,H,0,93.112419,Font de Veyre,06029,Cannes
60290123,H,4.5,108.47199,Saint-Joseph,06029,Cannes
60290124,A,3,112.09833,Saint-Cassien-Bastide Rouge,06029,Cannes
60290125,H,8,121.00394,Bocca Centre,06029,Cannes
60290126,H,0,118.71003,Les Mûriers,06029,Cannes
60290127,H,1,117.53271,Le Plan,06029,Cannes
60290128,H,1,116.08663,Colline des Puits,06029,Cannes
60290130,H,0,107.75989,Ranguin,06029,Cannes
60290131,H,0,94.060844,Le Grand Saule,06029,Cannes
60290132,H,0,133.81119,Pont d'Avril-L'Abadie,06029,Cannes
60300101,H,2,113.77717,Garibondy,06030,Le Cannet
60300102,H,0,117.54298,Hauts de Saint-Jean-Hauts de l'Aubarède,06030,Le Cannet
60300103,H,.5,116.80608,Mirandoles,06030,Le Cannet
60300104,H,5,121.77853,Mimosas,06030,Le Cannet
60300105,H,1,137.04442,Blanchisserie,06030,Le Cannet
60300106,H,6.5799999,123.05975,Four à Chaux,06030,Le Cannet
60300107,H,4,145.03304,Colombier,06030,Le Cannet
60300108,H,3,137.08482,Maurice Jeanpierre,06030,Le Cannet
60300109,H,2.5,144.36963,Cougoussoles,06030,Le Cannet
60300110,H,5,134.12851,Europe,06030,Le Cannet
60300111,H,3.5,136.54216,Tignes et Sévigné,06030,Le Cannet
60300112,H,4,146.49379,Moulières,06030,Le Cannet
60300113,H,2,135.12961,Aubanel,06030,Le Cannet
60300114,H,6,118.57748,Sainte-Catherine,06030,Le Cannet
60300115,H,0,121.68613,Dolce Farniente,06030,Le Cannet
60300116,H,3.5,112.69546,Vieux Cannet,06030,Le Cannet
60300117,H,0,111.66274,Collines,06030,Le Cannet
60310000,Z,0,106.91727,Cantaron (commune non irisée),06031,Cantaron
60320000,Z,3,59.230782,Cap-d'Ail (commune non irisée),06032,Cap-d'Ail
60330101,H,0,85.356911,Ville Nouvelle-La Plaine-Le Planet,06033,Carros
60330102,H,3,67.014534,Ville Nouvelle-Eusière-Cigales-Espère,06033,Carros
60330103,H,3,80.540497,Ville Nouvelle-Les Arbousiers-L'Aspre,06033,Carros
60330104,A,0,44.119205,Les Terriers,06033,Carros
60330105,H,0,48.368893,Les Écarts-Village-Plans de Carros,06033,Carros
60340000,Z,0,31.561623,Castagniers (commune non irisée),06034,Castagniers
60350000,Z,0,42.482105,Castellar (commune non irisée),06035,Castellar
60360000,Z,0,39.998512,Castillon (commune non irisée),06036,Castillon
60370000,Z,0,17.621437,Caussols (commune non irisée),06037,Caussols
60380000,Z,4,84.241287,Châteauneuf-Grasse (commune non irisée),06038,Châteauneuf-Grasse
60390000,Z,0,22.004189,Châteauneuf-Villevieille (commune non irisée),06039,Châteauneuf-Villevieille
60400000,Z,0,3.3052566,Châteauneuf-d'Entraunes (commune non irisée),06040,Châteauneuf-d'Entraunes
60410000,Z,0,.53879607,Cipières (commune non irisée),06041,Cipières
60420000,Z,0,2.7845268,Clans (commune non irisée),06042,Clans
60430000,Z,0,6.3548851,Coaraze (commune non irisée),06043,Coaraze
60440101,H,1.5,98.933685,Quartiers Est-Les Salettes-Les Campons,06044,La Colle-sur-Loup
60440102,H,2,100.76611,Village Centre,06044,La Colle-sur-Loup
60440103,H,4,79.295105,Quartiers Ouest-Montgros-Montmeuille,06044,La Colle-sur-Loup
60450000,Z,0,0,Collongues (commune non irisée),06045,Collongues
60460000,Z,3,53.093983,Colomars (commune non irisée),06046,Colomars
60470000,Z,0,7.5543036,Conségudes (commune non irisée),06047,Conségudes
60480101,H,6,58.681152,Contes Sud-Village-Pointe,06048,Contes
60480102,H,2,35.188477,Contes Nord et Hameaux,06048,Contes
60490000,Z,0,3.559593,Courmes (commune non irisée),06049,Courmes
60500000,Z,0,10.357048,Coursegoules (commune non irisée),06050,Coursegoules
60510000,Z,0,2.574141,La Croix-sur-Roudoule (commune non irisée),06051,La Croix-sur-Roudoule
60520000,Z,0,0,Cuébris (commune non irisée),06052,Cuébris
60530000,Z,0,4.6159344,Daluis (commune non irisée),06053,Daluis
60540000,Z,1,101.52869,Drap (commune non irisée),06054,Drap
60550000,Z,0,18.881636,Duranus (commune non irisée),06055,Duranus
60560000,Z,0,0,Entraunes (commune non irisée),06056,Entraunes
60570000,Z,4,49.265587,L'Escarène (commune non irisée),06057,L'Escarène
60580000,Z,0,22.098923,Escragnolles (commune non irisée),06058,Escragnolles
60590000,Z,2,73.035286,Èze (commune non irisée),06059,Èze
60600000,Z,3.5,56.172203,Falicon (commune non irisée),06060,Falicon
60610000,Z,0,16.611868,Les Ferres (commune non irisée),06061,Les Ferres
60620000,Z,0,37.845943,Fontan (commune non irisée),06062,Fontan
60630000,Z,0,0,Gars (commune non irisée),06063,Gars
60640000,Z,1.33,54.219048,Gattières (commune non irisée),06064,Gattières
60650101,H,3,53.722237,Nord,06065,La Gaude
60650102,H,0,31.916666,Sud,06065,La Gaude
60660000,Z,2,57.154823,Gilette (commune non irisée),06066,Gilette
60670000,Z,0,13.081092,Gorbio (commune non irisée),06067,Gorbio
60680000,Z,0,19.27681,Gourdon (commune non irisée),06068,Gourdon
60690101,H,3,89.397804,Centre Ville Nord,06069,Grasse
60690102,H,3,76.799179,Saint-François,06069,Grasse
60690103,H,2,121.44936,Centre Ville Sud-Ouest,06069,Grasse
60690104,H,0,126.20721,Saint-Antoine,06069,Grasse
60690105,H,4,123.84061,Saint-Jacques Nord,06069,Grasse
60690106,H,0,112.99993,Saint-Claude (canton Nord),06069,Grasse
60690107,H,2,113.70826,Le Plan,06069,Grasse
60690108,H,0,109.88226,Saint-Claude (canton Sud),06069,Grasse
60690109,H,9.5,116.80625,Centre Ville Sud-Est,06069,Grasse
60690110,H,1.5,109.8772,Saint-Mathieu,06069,Grasse
60690111,H,3,92.146957,Secteur Sauvegardé,06069,Grasse
60690112,H,5,111.38583,Plascassier,06069,Grasse
60690113,H,11,130.23904,Les Aspres,06069,Grasse
60690114,H,0,97.161758,Saint-Jacques Sud,06069,Grasse
60690115,H,1,31.490635,Roquevignon-La Marbrière,06069,Grasse
60690116,H,0,82.474281,Magagnosc,06069,Grasse
60690117,H,0,92.80983,Saint-Jean-Saint-Christophe,06069,Grasse
60700000,Z,0,3.3220558,Gréolières (commune non irisée),06070,Gréolières
60710000,Z,0,27.09947,Guillaumes (commune non irisée),06071,Guillaumes
60720000,Z,0,2.0341499,Ilonse (commune non irisée),06072,Ilonse
60730000,Z,1,149.65894,Isola (commune non irisée),06073,Isola
60740000,Z,.5,76.470909,Lantosque (commune non irisée),06074,Lantosque
60750000,Z,5,80.081627,Levens (commune non irisée),06075,Levens
60760000,Z,0,4.9506354,Lieuche (commune non irisée),06076,Lieuche
60770000,Z,0,14.579008,Lucéram (commune non irisée),06077,Lucéram
60780000,Z,0,58.085331,Malaussène (commune non irisée),06078,Malaussène
60790101,A,0,134.27827,Les Tourrades-Pont de Siagne ou la Canardière,06079,Mandelieu-la-Napoule
60790102,H,0,119.39107,Le Gavelier-La Tour,06079,Mandelieu-la-Napoule
60790103,H,1,22.494749,Le Roc Fleuri-Capitou-Jeanne d'Arc,06079,Mandelieu-la-Napoule
60790104,H,2,51.038536,Le Grand Duc-Minelle,06079,Mandelieu-la-Napoule
60790105,H,4,70.075569,Maure Vieille-La Napoule,06079,Mandelieu-la-Napoule
60790106,H,1,105.39484,Cannes Marina-La Roubine,06079,Mandelieu-la-Napoule
60790107,H,2,112.65871,Le Cottage,06079,Mandelieu-la-Napoule
60790108,H,6,110.0583,Le Centre Ville,06079,Mandelieu-la-Napoule
60790109,H,9.5,118.11658,Les Termes,06079,Mandelieu-la-Napoule
60800000,Z,0,21.666256,Marie (commune non irisée),06080,Marie
60810000,Z,0,0,Le Mas (commune non irisée),06081,Le Mas
60820000,Z,0,39.425262,Massoins (commune non irisée),06082,Massoins
60830101,H,1.33,115.50599,Madone-Carnoles,06083,Menton
60830102,H,0,97.466446,Riviera,06083,Menton
60830103,H,7,130.25526,Bioves-Casino,06083,Menton
60830104,H,10.33,129.53154,Hôtel de Ville,06083,Menton
60830105,H,1,113.47309,Vieille Ville-Musée,06083,Menton
60830106,H,0,82.673782,Terres Chaudes,06083,Menton
60830201,H,0,71.122261,Vallée de Gorbio,06083,Menton
60830202,H,0,91.565308,Haut Borrigo,06083,Menton
60830203,H,4,80.916183,Saint-Paul-Garavan,06083,Menton
60830204,H,0,67.299881,Ciappes-Fossan,06083,Menton
60830205,H,2.5,79.32476,Mont Gros,06083,Menton
60830206,H,1.5,51.993622,Carei-Monti,06083,Menton
60840101,H,2,92.85878,Les Aspres-Plan Sarrain,06084,Mouans-Sartoux
60840102,H,5.5,81.89196,Grand-Pièce-Les Plaines,06084,Mouans-Sartoux
60840103,H,2,115.56094,Les Indes-les Groulles,06084,Mouans-Sartoux
60840104,H,2,111.5683,Les Plantiers-Le Plan,06084,Mouans-Sartoux
60850101,H,6,114.48222,Village-Le Val-Cabrières,06085,Mougins
60850102,H,0,119.0302,Aubarède-Campelières,06085,Mougins
60850103,H,0,108.53767,Pibonson-Les Faïsses-Ranguin,06085,Mougins
60850104,H,1,94.085945,Saint-Martin-Le Miracle,06085,Mougins
60850105,H,10,158.94168,Les Colles-Camp Lauvas-Font de l'Orme,06085,Mougins
60850107,H,1,98.280823,Valmasque-Notre-Dame de Vie,06085,Mougins
60850108,H,1.5,81.002411,Mougins le Haut,06085,Mougins
60860000,Z,0,8.074544,Moulinet (commune non irisée),06086,Moulinet
60870000,Z,0,0,Les Mujouls (commune non irisée),06087,Les Mujouls
60880101,H,2,116.16443,Saleya-Château,06088,Nice
60880102,H,0,87.729652,Vieux Nice-Sainte-Réparate,06088,Nice
60880103,H,5,90.617645,Vieux Nice-Visitation,06088,Nice
60880201,H,3,190.16537,Garibaldi,06088,Nice
60880202,H,3,124.86087,Port,06088,Nice
60880203,H,3,134.63904,Cassini,06088,Nice
60880204,H,3,154.75575,Barla,06088,Nice
60880205,H,1,147.62048,Riquier-Fontaine de la Ville,06088,Nice
60880206,H,6,138.11285,Bonaparte,06088,Nice
60880301,H,8.9899998,168.82324,République,06088,Nice
60880302,H,0,171.4826,Pierre Sola,06088,Nice
60880303,H,3,156.47649,TNL-Beaumont,06088,Nice
60880304,H,10,153.17133,Riquier-Arson,06088,Nice
60880305,H,1,140.74158,Riquier,06088,Nice
60880401,H,2,70.104004,Mont Boron,06088,Nice
60880402,H,0,101.97545,Carnot,06088,Nice
60880403,H,2,100.75507,Mont Alban,06088,Nice
60880404,H,0,117.96277,Bischoffsheim,06088,Nice
60880501,H,0,149.6662,Diables Bleus,06088,Nice
60880502,H,0,150.12329,Saint-Jean d'Angély,06088,Nice
60880503,H,1,132.75526,Saint-Roch-Jean XXIII,06088,Nice
60880504,H,3,131.35466,Vauban,06088,Nice
60880505,H,1,136.20381,Saint-Roch-Ricolfi,06088,Nice
60880506,H,0,129.94283,Saint-Charles,06088,Nice
60880507,H,5,120.58049,Roquebillière,06088,Nice
60880508,H,0,129.04948,Pierre Semard,06088,Nice
60880509,H,2,134.03087,Mont Gros,06088,Nice
60880601,H,2,161.75438,Lyautey-Gendarmerie,06088,Nice
60880602,H,0,173.4514,Paschetta,06088,Nice
60880603,H,2.5,147.29536,Pasteur,06088,Nice
60880604,H,0,117.11929,Pasteur-Voie Romaine,06088,Nice
60880605,H,0,147.04286,Pasteur-Saint-Pons,06088,Nice
60880701,H,0,107.1216,Route de Turin,06088,Nice
60880702,H,5,100.83446,Bon Voyage,06088,Nice
60880801,H,0,72.720207,Vinaigrier,06088,Nice
60880901,H,0,126.45457,Ariane-Les Chênes,06088,Nice
60880902,H,7,117.66203,Ariane-Monzie,06088,Nice
60880903,H,1,100.00323,La Lauvette,06088,Nice
60880904,H,3.5,121.65282,Ariane-Ripert,06088,Nice
60880905,H,2,102.57588,Ariane-Saramito,06088,Nice
60881001,H,0,133.2449,Cimiez-Monastère,06088,Nice
60881002,H,2,110.70815,Brancolar-Régina,06088,Nice
60881003,H,1,121.50253,Brancolar-Scudéri,06088,Nice
60881004,H,5.5,145.06396,Cap de Croix,06088,Nice
60881005,H,10.5,109.31657,Rimiez,06088,Nice
60881101,H,1,157.49474,Puget,06088,Nice
60881102,H,3,152.22844,Parc Chambrun,06088,Nice
60881103,H,4,139.62074,Le Ray-Gravier-Dunant,06088,Nice
60881104,H,0,135.08011,Gravier,06088,Nice
60881105,H,0,91.692757,Henry Dunant,06088,Nice
60881201,H,3,168.29857,Nice Nord-Saqui,06088,Nice
60881202,H,0,140.53088,Comte de Falicon,06088,Nice
60881203,H,2,99.208458,Cernuschi,06088,Nice
60881204,H,1,91.918358,Las Planas-La Vallière,06088,Nice
60881301,H,1,132.27303,Cessole,06088,Nice
60881302,H,9,145.65569,Saint-Barthélemy,06088,Nice
60881303,H,6,118.40474,Gorbella,06088,Nice
60881304,H,1,147.86229,Saint-Sylvestre,06088,Nice
60881305,H,2.5,143.79219,Villa Arson,06088,Nice
60881306,H,2,118.5109,Cyrnos,06088,Nice
60881307,H,0,91.768417,Cyrille Besset-La Forêt,06088,Nice
60881308,H,4,44.583248,La Clua,06088,Nice
60881309,H,2.5,139.54916,Canavese,06088,Nice
60881401,H,0,141.35172,Évêché,06088,Nice
60881402,H,3,158.39221,Bellevue,06088,Nice
60881403,H,0,123.45644,Le Righi,06088,Nice
60881404,H,0,114.49274,Mantega,06088,Nice
60881501,H,0,184.858,Marceau,06088,Nice
60881502,H,2,164.70796,Thiole,06088,Nice
60881503,H,5,164.13718,Jeanne d'Arc-Fuon-Cauda,06088,Nice
60881504,H,4.5,165.10922,Michel-Ange,06088,Nice
60881505,H,2,140.04846,Michelet,06088,Nice
60881506,H,0,159.2966,Borriglione-Saint Lambert,06088,Nice
60881601,H,3,152.34534,Carabacel,06088,Nice
60881602,H,0,177.21701,Acropolis-XVe Corps,06088,Nice
60881603,H,0,159.37836,Sainte-Rosalie-Arbre Inférieur,06088,Nice
60881604,H,0,160.00549,Cimiez,06088,Nice
60881605,H,0,170.28725,Caravadossi-George V,06088,Nice
60881606,H,3,108.95698,Cimiez-Valrose,06088,Nice
60881701,H,5,156.84367,Promenade du Paillon,06088,Nice
60881702,H,4,149.87451,Hôpital Saint-Roch,06088,Nice
60881703,H,3,161.15742,Raimbaldi,06088,Nice
60881704,H,1,172.56761,Desambrois,06088,Nice
60881705,H,2,171.26865,Sasserno,06088,Nice
60881801,A,0,167.08763,Gare Nice-Ville,06088,Nice
60881802,H,1,200.85493,Vernier,06088,Nice
60881803,H,5,182.71497,Trachel,06088,Nice
60881804,H,5,193.18678,Clément Roassal,06088,Nice
60881805,H,5.5,150.72736,Garnier-Gare de Provence,06088,Nice
60881901,H,1,182.35854,Grosso,06088,Nice
60881902,H,4.5,153.82895,Église Russe,06088,Nice
60881903,H,5,144.00969,Parc Impérial,06088,Nice
60882001,H,0,124.90546,Le Piol-Cyrnos,06088,Nice
60882002,H,0,181.49817,Saint-Philippe,06088,Nice
60882101,H,2,163.60753,Carlone,06088,Nice
60882102,H,1,164.54756,Madeleine Robiony,06088,Nice
60882103,H,1,138.59169,La Bornala,06088,Nice
60882104,H,1,114.82668,Madeleine,06088,Nice
60882201,H,14.5,154.2513,Liberti-Albert 1er,06088,Nice
60882202,H,10.5,148.32239,Notre-Dame,06088,Nice
60882203,H,23.33,164.31514,Jean Médecin,06088,Nice
60882301,H,7,159.3266,Musiciens,06088,Nice
60882302,H,8.5,154.15259,Rossini,06088,Nice
60882303,H,6,166.26047,Clemenceau,06088,Nice
60882304,H,1.5,159.91765,Thiers-Durante,06088,Nice
60882401,H,5,147.20439,France-Negresco,06088,Nice
60882402,H,10,158.2019,Victor Hugo-Buffa,06088,Nice
60882501,H,4,138.64333,Dante,06088,Nice
60882502,H,8,148.53079,Bottero,06088,Nice
60882503,H,1,170.47343,Potiers,06088,Nice
60882504,H,3.5,158.14317,Châteauneuf,06088,Nice
60882601,H,13.5,162.65097,Lenval,06088,Nice
60882602,H,6,127.81277,Magnan,06088,Nice
60882603,H,0,174.39651,Baumettes,06088,Nice
60882701,H,7.5,160.3439,La Californie,06088,Nice
60882702,H,2,169.97513,Pastorelle-Bosquets,06088,Nice
60882703,H,0,147.76805,Faculté de Lettres,06088,Nice
60882704,H,0,96.322906,Gattamua,06088,Nice
60882705,H,1,118.10129,Abbaye de Roseland,06088,Nice
60882801,H,10,185.53476,Carras,06088,Nice
60882802,H,6,148.1429,Caucade,06088,Nice
60882803,H,2,149.06197,Lanterne-Mandariniers,06088,Nice
60882804,H,2,136.51962,Lanterne,06088,Nice
60882805,H,1,96.706177,Napoléon III,06088,Nice
60882901,H,1.5,161.74466,Les Siagnes,06088,Nice
60882902,H,1,159.272,Les Moulins,06088,Nice
60882903,H,0,161.52255,Digue des Français,06088,Nice
60882904,H,6,157.71211,Paul Montel,06088,Nice
60882905,H,1,159.52072,La Victorine-Grinda,06088,Nice
60882906,H,0,127.20937,Plateaux Fleuris,06088,Nice
60883001,A,2,153.20746,Arenas-Aéroport,06088,Nice
60883002,H,0,164.96593,Arenas-Cassin,06088,Nice
60883003,H,2.5,166.3909,Saint-Augustin,06088,Nice
60883101,H,0,118.66261,Spagnol-Sainte-Marguerite,06088,Nice
60883102,H,4.5799999,173.23283,Parc des Sports,06088,Nice
60883201,H,1,71.903717,Fabron-Terron-Archet,06088,Nice
60883202,H,2,87.436104,Saint-Antoine Ginestière,06088,Nice
60883301,H,5.6599998,67.82399,Lingostière-Saint-Isidore,06088,Nice
60883401,H,0,77.478073,Bellet-Magnan,06088,Nice
60883402,H,1,102.2176,Madeleine-Nicolaï,06088,Nice
60883403,H,4,89.372025,Madeleine Supérieure,06088,Nice
60883501,H,0,60.681484,Crémat-Bellet,06088,Nice
60883601,H,0,66.384544,Saint-Pierre de Féric,06088,Nice
60883602,H,1,86.821335,Costière,06088,Nice
60883701,H,0,72.521919,Saint-Pancrace-Pessicart,06088,Nice
60883801,H,0,84.100975,Gairaut,06088,Nice
60890000,Z,1,83.195534,Opio (commune non irisée),06089,Opio
60900101,H,6,103.538,Nord,06090,Pégomas
60900102,H,6,59.820187,Sud,06090,Pégomas
60910000,Z,1,25.603327,Peille (commune non irisée),06091,Peille
60920000,Z,0,18.927305,Peillon (commune non irisée),06092,Peillon
60930000,Z,0,2.2876289,La Penne (commune non irisée),06093,La Penne
60940000,Z,1,93.271461,Péone (commune non irisée),06094,Péone
60950101,H,0,66.791626,Nord,06095,Peymeinade
60950102,H,6,67.505386,Est,06095,Peymeinade
60950103,H,0,73.435204,Ouest,06095,Peymeinade
60960000,Z,0,2.1630425,Pierlas (commune non irisée),06096,Pierlas
60970000,Z,0,8.2285442,Pierrefeu (commune non irisée),06097,Pierrefeu
60980000,Z,0,10.12732,Puget-Rostang (commune non irisée),06098,Puget-Rostang
60990000,Z,0,28.229023,Puget-Théniers (commune non irisée),06099,Puget-Théniers
61000000,Z,0,14.317287,Revest-les-Roches (commune non irisée),06100,Revest-les-Roches
61010000,Z,0,19.036358,Rigaud (commune non irisée),06101,Rigaud
61020000,Z,0,96.562836,Rimplas (commune non irisée),06102,Rimplas
61030000,Z,4,146.50319,Roquebillière (commune non irisée),06103,Roquebillière
61040101,H,5.3299999,111.16197,Carnoles,06104,Roquebrune-Cap-Martin
61040102,H,3,101.54842,Cap Martin,06104,Roquebrune-Cap-Martin
61040103,H,2,97.412361,Cabbe-Saint-Roman,06104,Roquebrune-Cap-Martin
61040104,H,0,85.557983,Village-Cros de Caste-Coupière-Mont Gros,06104,Roquebrune-Cap-Martin
61040105,H,2,82.714828,Val de Gorbio,06104,Roquebrune-Cap-Martin
61050101,H,2,46.877094,Nord,06105,Roquefort-les-Pins
61050102,H,5.5,91.097839,Sud,06105,Roquefort-les-Pins
61060000,Z,0,1.6556193,Roquestéron (commune non irisée),06106,Roquestéron
61070000,Z,0,3.3087943,La Roque-en-Provence (commune non irisée),06107,La Roque-en-Provence
61080000,Z,3,108.68272,La Roquette-sur-Siagne (commune non irisée),06108,La Roquette-sur-Siagne
61090000,Z,0,24.854486,La Roquette-sur-Var (commune non irisée),06109,La Roquette-sur-Var
61100000,Z,0,3.9356575,Roubion (commune non irisée),06110,Roubion
61110000,Z,0,9.0051041,Roure (commune non irisée),06111,Roure
61120000,Z,6,81.837502,Le Rouret (commune non irisée),06112,Le Rouret
61130000,Z,0,61.811298,Sainte-Agnès (commune non irisée),06113,Sainte-Agnès
61140000,Z,5,122.76115,Saint-André-de-la-Roche (commune non irisée),06114,Saint-André-de-la-Roche
61150000,Z,0,0,Saint-Antonin (commune non irisée),06115,Saint-Antonin
61160000,Z,0,2.5031857,Saint-Auban (commune non irisée),06116,Saint-Auban
61170000,Z,0,20.509237,Saint-Blaise (commune non irisée),06117,Saint-Blaise
61180000,Z,3,53.484615,Saint-Cézaire-sur-Siagne (commune non irisée),06118,Saint-Cézaire-sur-Siagne
61190000,Z,0,63.059654,Saint-Dalmas-le-Selvage (commune non irisée),06119,Saint-Dalmas-le-Selvage
61200000,Z,3.5,232.33954,Saint-Étienne-de-Tinée (commune non irisée),06120,Saint-Étienne-de-Tinée
61210000,Z,1,47.468132,Saint-Jean-Cap-Ferrat (commune non irisée),06121,Saint-Jean-Cap-Ferrat
61220000,Z,5,55.749077,Saint-Jeannet (commune non irisée),06122,Saint-Jeannet
61230101,A,3,158.88148,Le Lac,06123,Saint-Laurent-du-Var
61230102,H,2,146.13203,Les Paluds,06123,Saint-Laurent-du-Var
61230103,H,12,177.46475,Les Pomarels,06123,Saint-Laurent-du-Var
61230104,H,13.33,139.66425,Les Galinières,06123,Saint-Laurent-du-Var
61230105,H,4,184.26714,Les Condamines,06123,Saint-Laurent-du-Var
61230106,H,2,154.48689,Les Jaquons,06123,Saint-Laurent-du-Var
61230107,H,5,137.10133,Centre Ville,06123,Saint-Laurent-du-Var
61230108,H,2,111.40913,Les Plans,06123,Saint-Laurent-du-Var
61230109,H,3,118.73996,Les Rascas-Les Pugets,06123,Saint-Laurent-du-Var
61230110,H,0,81.107841,Tuilière-La Tour-Les Iscles-Les Crottes,06123,Saint-Laurent-du-Var
61230111,H,0,116.59277,Le Grimond-Plateaux Fleuris-Vallière,06123,Saint-Laurent-du-Var
61240000,Z,0,0,Saint-Léger (commune non irisée),06124,Saint-Léger
61250000,Z,0,5.0810308,Saint-Martin-d'Entraunes (commune non irisée),06125,Saint-Martin-d'Entraunes
61260000,Z,5,70.667747,Saint-Martin-du-Var (commune non irisée),06126,Saint-Martin-du-Var
61270000,Z,1,80.838737,Saint-Martin-Vésubie (commune non irisée),06127,Saint-Martin-Vésubie
61280000,Z,6,82.519218,Saint-Paul-de-Vence (commune non irisée),06128,Saint-Paul-de-Vence
61290000,Z,.33000001,97.722061,Saint-Sauveur-sur-Tinée (commune non irisée),06129,Saint-Sauveur-sur-Tinée
61300000,Z,4,65.419693,Saint-Vallier-de-Thiey (commune non irisée),06130,Saint-Vallier-de-Thiey
61310000,Z,0,0,Sallagriffon (commune non irisée),06131,Sallagriffon
61320000,Z,0,23.471933,Saorge (commune non irisée),06132,Saorge
61330000,Z,0,3.5237095,Sauze (commune non irisée),06133,Sauze
61340000,Z,0,55.918411,Séranon (commune non irisée),06134,Séranon
61350000,Z,0,0,Sigale (commune non irisée),06135,Sigale
61360000,Z,4,92.193008,Sospel (commune non irisée),06136,Sospel
61370000,Z,2,72.597694,Spéracèdes (commune non irisée),06137,Spéracèdes
61380000,Z,4,54.18623,Théoule-sur-Mer (commune non irisée),06138,Théoule-sur-Mer
61390000,Z,0,6.9151745,Thiéry (commune non irisée),06139,Thiéry
61400000,Z,2,62.330563,Le Tignet (commune non irisée),06140,Le Tignet
61410000,Z,0,4.750145,Toudon (commune non irisée),06141,Toudon
61420000,Z,0,33.019924,Touët-de-l'Escarène (commune non irisée),06142,Touët-de-l'Escarène
61430000,Z,1,106.9448,Touët-sur-Var (commune non irisée),06143,Touët-sur-Var
61440000,Z,0,.5219146,La Tour (commune non irisée),06144,La Tour
61450000,Z,0,9.112155,Tourette-du-Château (commune non irisée),06145,Tourette-du-Château
61460000,Z,0,29.496147,Tournefort (commune non irisée),06146,Tournefort
61470000,Z,2.3299999,44.165436,Tourrette-Levens (commune non irisée),06147,Tourrette-Levens
61480000,Z,3,55.528,Tourrettes-sur-Loup (commune non irisée),06148,Tourrettes-sur-Loup
61490101,H,0,78.181519,La Plana,06149,La Trinité
61490102,H,12,82.073837,Centre,06149,La Trinité
61490103,H,4,80.643112,Le Rostit,06149,La Trinité
61490104,H,0,41.285316,Laghet-Périphérie,06149,La Trinité
61500000,Z,3,94.2882,La Turbie (commune non irisée),06150,La Turbie
61510000,Z,0,29.905029,Utelle (commune non irisée),06151,Utelle
61520101,H,8,116.43188,Le Village,06152,Valbonne
61520102,H,1,61.928265,Écarts Sud,06152,Valbonne
61520103,H,15.5,116.66913,Garbejaire-Haut Sartoux,06152,Valbonne
61520104,H,1,84.012329,Île Verte-Nord-Est,06152,Valbonne
61530000,Z,2,200.48239,Valdeblore (commune non irisée),06153,Valdeblore
61540000,Z,1,55.918411,Valderoure (commune non irisée),06154,Valderoure
61550101,H,0,130.68208,Les Impiniers-Font de Cine-Vaucontrade,06155,Vallauris
61550102,H,0,124.44743,Subreville-La Fuont,06155,Vallauris
61550103,H,0,109.65449,Les Issarts,06155,Vallauris
61550104,H,4.3299999,125.67902,Vallauris Centre,06155,Vallauris
61550105,H,1,105.33272,Riquebonne-Ferratone-Pizou,06155,Vallauris
61550106,H,1,109.16774,Brusquet-Retenaou-Devens,06155,Vallauris
61550107,H,1,123.45532,Les Paluds-Lauvert,06155,Vallauris
61550108,H,4,115.71365,Gabelle-Courcettes-Les Clos,06155,Vallauris
61550109,H,4,98.006157,La Mer-Le Puadon-Cannes Eden,06155,Vallauris
61550110,H,4,101.11296,La Maure-Super Cannes,06155,Vallauris
61560000,Z,0,20.883854,Venanson (commune non irisée),06156,Venanson
61570101,H,8.5,85.276901,Saint-Martin,06157,Vence
61570102,H,4,76.193855,Sainte-Anne,06157,Vence
61570103,H,1,44.992828,Plan de Noves,06157,Vence
61570104,H,7,81.345795,Notre-Dame,06157,Vence
61570105,H,1,105.4256,Sainte-Élisabeth,06157,Vence
61570106,H,0,91.440796,Centre Ville,06157,Vence
61570107,H,0,59.044933,Sainte-Colombe,06157,Vence
61580000,Z,2,164.79819,Villars-sur-Var (commune non irisée),06158,Villars-sur-Var
61590101,H,0,87.084999,Col de Villefranche,06159,Villefranche-sur-Mer
61590102,H,8,76.433304,Le Port,06159,Villefranche-sur-Mer
61590103,D,0,69.178459,Mont Leuze,06159,Villefranche-sur-Mer
61600000,Z,0,8.8243437,Villeneuve-d'Entraunes (commune non irisée),06160,Villeneuve-d'Entraunes
61610101,D,0,109.17117,Route de Grasse,06161,Villeneuve-Loubet
61610102,H,1.5,115.62918,Espères,06161,Villeneuve-Loubet
61610103,H,1,146.77104,Village,06161,Villeneuve-Loubet
61610104,H,2.5,172.61729,Les Bouches du Loup,06161,Villeneuve-Loubet
61610105,H,6,184.44981,Marina,06161,Villeneuve-Loubet
61610106,H,0,120.5066,Vaugrenier,06161,Villeneuve-Loubet
61610107,H,0,128.46486,Plan,06161,Villeneuve-Loubet
61620000,Z,0,20.60146,La Brigue (commune non irisée),06162,La Brigue
61630000,Z,1.5,62.044353,Tende (commune non irisée),06163,Tende
