17;Accueil de jour Aux Lucioles;2020-10-04T18:33:19.000Z;010003978;18;Privé non lucratif;;FALSE;FALSE;FALSE;FALSE;TRUE;FALSE;FALSE;TRUE;FALSE;TRUE;FALSE;TRUE;FALSE;FALSE;FALSE;FALSE;FALSE;FALSE;;;;;;;;Rue du Collège;01600;01;AIN;REYRIEUX;04 74 00 85 01;auxlucioles@orange.fr;Association de Gestion Accueil de Jour;;45.930657;4.814821;;;;;;;;;;;;;;;;;;;;;;;;;;;
35;Accueil de jour Lou-Ve-Nou;2020-10-04T18:33:19.000Z;010009066;12;Privé non lucratif;;FALSE;FALSE;FALSE;FALSE;TRUE;FALSE;FALSE;TRUE;FALSE;TRUE;FALSE;TRUE;FALSE;FALSE;FALSE;FALSE;FALSE;FALSE;;;;;;;;220 rue de l'Ancien collège;01560;01;AIN;ST TRIVIER DE COURTES;06 71 40 93 06;accueil@fede01.admr.org;Association ADMR des Pays de Bresse;;46.460191;5.079833;;;;;;;;;;;;;;;;;;;;;;;;;;;
36;Accueil de jour Réseau Mnemosis;2020-10-04T18:33:19.000Z;010009157;12;Privé non lucratif;;FALSE;FALSE;FALSE;FALSE;TRUE;FALSE;FALSE;TRUE;FALSE;FALSE;FALSE;TRUE;FALSE;FALSE;FALSE;FALSE;FALSE;FALSE;;;;;;;;57 rue de Genève Bâtiment Saints-Anges;01170;01;AIN;GEX;04 50 20 15 15;lereseaumnemosis@orange.fr;Le Reseau Mnemosis;;46.331417;6.057783;;;;;;;;;;;;;;;;;;;;;;;;;;;
24;Accueil de jour autonome l'Entre-Temps;2020-10-04T18:33:19.000Z;010007078;10;Public;;FALSE;FALSE;FALSE;FALSE;TRUE;FALSE;FALSE;TRUE;FALSE;TRUE;FALSE;TRUE;FALSE;FALSE;FALSE;FALSE;FALSE;FALSE;;;;;;;;30 Impasse de la Croix du creux;01750;01;AIN;REPLONGES;03 85 33 53 17;direction@ajmarpa.fr;Communauté Communes du Pays Bagé;;46.312999;4.876204;;;;;;;;;;;;;;;;;;;;;;;;;;;
19;Accueil de jour de Belley;2020-10-04T18:33:19.000Z;010004398;10;Privé non lucratif;;FALSE;FALSE;FALSE;FALSE;TRUE;FALSE;FALSE;TRUE;FALSE;TRUE;FALSE;FALSE;FALSE;FALSE;FALSE;FALSE;FALSE;FALSE;;;;;;;;40 rue du Bon-Repos;01300;01;AIN;BELLEY;04 79 81 05 71;adj.belley@ccass.org;Association Santé et Bien-Être;;45.755062;5.688966;;;;;;;;;;;;;;;;;;;;;;;;;;;
34;Accueil de jour les Jardins d'Aloïs;2020-10-04T18:33:19.000Z;010009025;12;Privé non lucratif;;FALSE;FALSE;FALSE;FALSE;TRUE;FALSE;FALSE;TRUE;FALSE;TRUE;FALSE;TRUE;FALSE;FALSE;FALSE;FALSE;FALSE;FALSE;;;;;;;;26 boulevard Dupuy;01100;01;AIN;OYONNAX;04 74 73 90 13;lesjardinsdalois@gmail.com;Association de Gerontologie Bassin d'Oyonnax;;46.257582;5.650164;;;;;;;;;;;;;;;;;;;;;;;;;;;
62;EHPAD - Croix-Rouge francaise;2020-10-04T18:33:21.000Z;010784130;67;Privé non lucratif;;TRUE;FALSE;FALSE;FALSE;FALSE;TRUE;FALSE;FALSE;FALSE;TRUE;FALSE;FALSE;FALSE;FALSE;FALSE;FALSE;FALSE;FALSE;;;;;;;;589 rue de Musinens;01200;01;AIN;BELLEGARDE SUR VALSERINE;04 50 48 07 30;mr.bellegarde@croix-rouge.fr;Croix-Rouge française;https://pourvous.croix-rouge.fr/etablissement-d-hebergement-pour-personnes-agees-dependantes-de-bellegarde;46.115580;5.819472;;;;;;;;;;;;;;;;;;;;;;;;;;;
61;EHPAD Ary Geoffray;2020-10-04T18:33:21.000Z;010784114;90;Privé non lucratif;;TRUE;FALSE;FALSE;FALSE;FALSE;TRUE;FALSE;FALSE;FALSE;TRUE;TRUE;TRUE;FALSE;FALSE;FALSE;FALSE;FALSE;FALSE;;1998,9;;;;;;1405 route Noblens;01250;01;AIN;VILLEREVERSURE;04 74 47 70 70;secretariat@arygeoffray.fr;AMAV Villereversure;;46.181968;5.384418;010784114;2019-06-16T22:00:00.000Z;61,35;61,35;61,35;61,35;;;;;;19,61;12,44;5,28;Marquage du linge, Mise à disposition d’un poste de téléphonie dans la chambre, Appels téléphoniques entrants non facturés en sus, Internet dans la chambre (abonnement/accès au réseau Wifi), Prestations esthétiques de base;Entretien du linge du résident non délicat 31.0€/mois, Appels téléphoniques sortants, Prestations de coiffure, Prestations de pédicurie-podologie (hors prescription médicale);;;;;;;;;;;
63;EHPAD Bon Repos;2020-10-09T08:02:13.000Z;010784239;105;Privé non lucratif;;TRUE;FALSE;FALSE;FALSE;FALSE;TRUE;FALSE;FALSE;FALSE;TRUE;TRUE;TRUE;FALSE;FALSE;FALSE;FALSE;FALSE;FALSE;;1933,2;;;;;;2 Rue Docteur Roux;01000;01;AIN;BOURG EN BRESSE;04 74 32 77 00;bon.repos@lebonrepos.fr;Association Le Bon Repos;http://www.lebonrepos.fr;46.203785;5.218322;010784239;2020-09-20T22:00:00.000Z;58,96;52,15;58,96;52,15;;;;;;20,33;12,9;5,48;Mise à disposition d’un poste de téléphonie dans la chambre, Appels téléphoniques entrants non facturés en sus;"Entretien du linge du résident non délicat 46.0€/mois, Marquage du linge, Appels téléphoniques sortants, Prestations de coiffure (shampoing, coupe), Prestations esthétiques de base, Prestations de pédicurie-podologie (hors prescription médicale), Maison du Soleil Levant (unité fermée) : chambre individuelle : 60.36€/jour ; chambre double : 52.15€/jour et par personne";;;;;;;;;;;
73;EHPAD Bon Repos;2020-10-04T18:33:21.000Z;010785673;60;Privé non lucratif;;TRUE;FALSE;FALSE;FALSE;FALSE;TRUE;FALSE;FALSE;FALSE;TRUE;FALSE;FALSE;FALSE;FALSE;FALSE;FALSE;FALSE;FALSE;;1819,8;;;;;;40 rue du Bon-Repos;01300;01;AIN;BELLEY;04 79 81 05 71;mdrbonreposbelley@wanadoo.fr;L'Union Santé et Bien-être;;45.755062;5.688966;010785673;2018-03-11T23:00:00.000Z;55,45;55,45;55,45;55,45;;;;;;19,36;12,29;5,21;;;;;;;;;;;;;
51;EHPAD Bon accueil;2020-10-09T08:00:25.000Z;010780963;93;Public;;TRUE;FALSE;FALSE;FALSE;FALSE;TRUE;FALSE;TRUE;FALSE;TRUE;FALSE;FALSE;FALSE;FALSE;FALSE;FALSE;FALSE;FALSE;;1956,9;;;;;;34 Rue Charles de Gaulle;01150;01;AIN;LAGNIEU;04 74 40 33 00;direction@ehpad-lagnieu.fr;EHPAD Bon accueil;;45.901387;5.350829;010780963;2020-07-28T22:00:00.000Z;59,55;;59,55;;;;;;;21,11;13,4;5,68;téléphone dans les chambres;Appels téléphoniques sortants;;;;;;;;;;;
47;EHPAD Bâgé-le-Châtel;2020-10-04T18:33:20.000Z;010780914;95;Public;;TRUE;FALSE;FALSE;FALSE;FALSE;TRUE;FALSE;FALSE;FALSE;TRUE;FALSE;FALSE;FALSE;FALSE;FALSE;FALSE;FALSE;FALSE;;1781,4;;;;;;74 rue Condamnale;01380;01;AIN;BAGE LE CHATEL;03 85 51 45 93;contact@ehpadbage.fr;Maison de Retraite Bage-Le-Chatel;;46.307359;4.929862;010780914;2020-10-28T23:00:00.000Z;53,9;52,9;53,9;52,9;;;;;;20,35;12,93;5,48;Entretien du linge du résident non délicat, Mise à disposition d’un poste de téléphonie dans la chambre, Appels téléphoniques entrants non facturés en sus, Prestation de blanchisserie;Marquage du linge, repas invité : 10.20 euros du lundi au samedi - 16.35 euros le dimanche et jours fériés;;;;;;;;;;;
77;EHPAD Centre hospitalier Belley;2020-10-04T18:33:21.000Z;010786010;185;Public;;TRUE;FALSE;FALSE;FALSE;FALSE;TRUE;FALSE;FALSE;FALSE;TRUE;FALSE;TRUE;FALSE;FALSE;FALSE;FALSE;FALSE;FALSE;;1739,7;;;;;;52 Rue Georges Girerd;01300;01;AIN;BELLEY;04 79 42 59 59;direction@ch-belley.fr;CH Docteur Récamier;http://www.ch-belley.fr;45.761592;5.684647;010786010;2020-10-12T22:00:00.000Z;52,7;52,7;52,7;52,7;;;;;;19,66;12,48;5,29;;Prix Hébergement permanent Moins de 60 ans : 69.25 €;;;;;;;;;;;
66;EHPAD Centre hospitalier de Pont de Veyle;2020-10-09T08:03:35.000Z;010784429;113;Public;;TRUE;FALSE;FALSE;FALSE;FALSE;TRUE;TRUE;TRUE;FALSE;TRUE;FALSE;TRUE;FALSE;FALSE;FALSE;FALSE;FALSE;FALSE;;1839,6;;;;;;Rue Pierre Goujon;01290;01;AIN;PONT DE VEYLE;03 85 36 23 50;info@ch-avs.fr;Centre hospitalier Intercommunal Ain Val de Saône;http://www.ch-avs.fr;46.263472;4.890054;010784429;2020-07-28T22:00:00.000Z;56,02;54,02;56,02;54,02;;47,15;;47,15;;19,69;12,49;5,3;;Marquage du linge, Appels téléphoniques sortants, Internet dans la chambre (abonnement/accès au réseau Wifi), Prestations de coiffure (shampoing, coupe), Prestations de pédicurie-podologie (hors prescription médicale), Chbre unité Alzheimer 59.02 €- Prestations complémentaires facturées en sus : - Marquage de linge : 30 € - Téléphone : Abonnement mensuel de 5 € - Accès Wifi : Abonnement annuel de 10 €;;;;;;;;;;;
67;EHPAD Centre hospitalier de Thoissey;2020-10-04T18:33:21.000Z;010784437;171;Public;;TRUE;FALSE;FALSE;FALSE;FALSE;TRUE;TRUE;TRUE;FALSE;TRUE;TRUE;FALSE;FALSE;FALSE;FALSE;FALSE;FALSE;FALSE;;1839,6;;;;;;11 rue de l'Hôpital;01140;01;AIN;THOISSEY;04 74 04 99 00;info@ch-avs.fr;Centre Hospitalier Intercom Ain Val de Saône;http://www.ch-avs.fr;46.172231;4.804281;010784437;2020-07-28T22:00:00.000Z;56,02;54,02;56,02;54,02;;;;;;19,69;12,49;5,3;;Marquage du linge, Appels téléphoniques sortants, Internet dans la chambre (abonnement/accès au réseau Wifi), Prestations de coiffure (shampoing, coupe), Prestations de pédicurie-podologie (hors prescription médicale), Chbre part. bâtiment Milroses 56.61€-Hébergt -60 ans-Accueil de Jour-Prestat compl fact. en sus : Marquage linge : 30 €- Téléphone : Abonnement mensuel de 5 €- Accès Wifi : Abonnement annuel de 10 €;;;;;;;;;;;
17632;EHPAD Château d'Angeville;2020-10-04T18:33:20.000Z;010010494;50;Privé non lucratif;;TRUE;FALSE;FALSE;FALSE;FALSE;TRUE;TRUE;FALSE;FALSE;TRUE;FALSE;TRUE;FALSE;FALSE;FALSE;FALSE;FALSE;FALSE;;2107,2;;;;;;Rue du 11 Novembre;01110;01;AIN;HAUTEVILLE LOMPNES;04 74 40 43 00;accueil.angeville@croix-rouge.fr;Croix-Rouge Française;http://chateau-angeville.croix-rouge.fr/;45.979928;5.605394;010010494;2019-06-30T22:00:00.000Z;64,11;;64,11;;69;;;;;22,79;14,46;6,13;Entretien du linge du résident non délicat, Télévision et téléphone fournis dans la chambre, accès wifi, prestation blanchisserie;Marquage du linge, Mise à disposition d’un poste de téléphonie dans la chambre, Appels téléphoniques entrants, Appels téléphoniques sortants, Mise à disposition d’un poste de télévision dans la chambre, Internet dans la chambre (abonnement/accès au réseau Wifi), Prestations de coiffure, Marquage du linge : 50€Repas visiteur : 9€Repas de fêtes visiteur : 15€Abonnement mensuel télévision : 4€Téléphone : ouverture de ligne : 3€ + coût de communication;;;;;;;;;;;
104;EHPAD Château de Valence;2020-10-04T18:33:22.000Z;010788644;72;Privé non lucratif;;TRUE;FALSE;FALSE;FALSE;FALSE;TRUE;TRUE;FALSE;FALSE;TRUE;TRUE;TRUE;FALSE;FALSE;FALSE;FALSE;FALSE;FALSE;;2068,2;;;;;;Place de la Mairie;01640;01;AIN;JUJURIEUX;04 74 36 89 01;direction@chateaudevalence.fr;Association Ch.De Valence Jujurieux;http://www.chateauvalence.fr;46.040120;5.409647;010788644;2019-12-15T23:00:00.000Z;63,29;;63,29;;65,5;;;;;20,95;13,3;5,65;Fourniture de produits d’hygiène corporelle (savon, gel douche, shampoing, dentifrice...), Mise à disposition d’un poste de téléphonie dans la chambre, Appels téléphoniques entrants non facturés en sus, Appels téléphoniques sortants non facturés en sus, Mise à disposition d’un poste de télévision dans la chambre, Internet dans la chambre (abonnement/accès au réseau Wifi);Entretien du linge du résident non délicat 33.0€/mois, Marquage du linge, Prestations de coiffure, Prestations esthétiques, Prestations de pédicurie-podologie (hors prescription médicale);;;;;;;;;;;
65;EHPAD Clairval;2020-10-04T18:33:21.000Z;010784353;190;Public;;TRUE;FALSE;FALSE;FALSE;FALSE;TRUE;FALSE;FALSE;FALSE;TRUE;TRUE;TRUE;TRUE;TRUE;FALSE;FALSE;FALSE;FALSE;;1894,2;;;;;;941 Chemin de Veissieux le Haut;01600;01;AIN;REYRIEUX;04 74 10 53 00;direction.trevoux@lhopitalnordouest.fr;CH de Trévoux;;45.926729;4.82971;010784353;2020-06-21T22:00:00.000Z;57,8;53,55;57,8;53,55;;;;;;19,89;12,61;5,34;Entretien du linge du résident non délicat, Marquage du linge, Mise à disposition d’un poste de téléphonie dans la chambre, Appels téléphoniques entrants non facturés en sus, Internet dans la chambre (abonnement/accès au réseau Wifi), Frais d'installation téléphonique + communication;;;;;;;;;;;;
81;EHPAD Cornillon;2020-10-04T18:33:21.000Z;010786101;81;Public;;TRUE;FALSE;FALSE;FALSE;FALSE;TRUE;TRUE;FALSE;FALSE;TRUE;FALSE;FALSE;FALSE;TRUE;FALSE;FALSE;FALSE;FALSE;;1690,2;;;;;;38 rue des Otages;01230;01;AIN;ST RAMBERT EN BUGEY;04 74 37 43 00;hop.cornillon@wanadoo.fr;M.R. de St Rambert En Bugey;https://hopcornillon.wixsite.com/mr-st-rambert-bugey;45.948515;5.438955;010786101;2020-06-01T22:00:00.000Z;50,69;50,69;50,69;50,69;50,69;50,69;;;;20,97;13,3;5,65;Entretien du linge du résident non délicat;Marquage du linge, Mise à disposition d’un poste de téléphonie dans la chambre;;;;;;;;;;;
64;EHPAD Emile Pélicand;2020-10-04T18:33:21.000Z;010784312;177;Public;;TRUE;FALSE;FALSE;FALSE;FALSE;TRUE;FALSE;TRUE;FALSE;TRUE;FALSE;FALSE;FALSE;TRUE;FALSE;FALSE;FALSE;FALSE;;1623,3;;;;;;10 avenue Louis-Jourdan;01000;01;AIN;BOURG EN BRESSE;04 74 45 46 47;dirg@ch-bourg01.fr;Centre hospitalier Fleyriat;http://www.ch-bourg-en-bresse.fr;46.203687;5.219126;010784312;2020-11-01T23:00:00.000Z;48,69;48,69;48,69;48,69;;;;;;20,11;12,75;5,42;;Hebergement des résidents de moins de 60 ans  : 65.72 €;;;;;;;;;;;
49;EHPAD Fondation Costaz;2020-10-04T18:33:20.000Z;010780930;131;Public;;TRUE;FALSE;FALSE;FALSE;FALSE;TRUE;FALSE;FALSE;FALSE;TRUE;TRUE;TRUE;FALSE;FALSE;FALSE;FALSE;FALSE;FALSE;;1960,5;;;;;;116 Avenue des Frères Costaz;01260;01;AIN;CHAMPAGNE EN VALROMEY;04 79 87 61 41;mdrcostaz@orange.fr;Maison de Retraite Champagne;http://www.mdr-champagnevalromey.fr;45.902081;5.677741;010780930;2020-02-05T23:00:00.000Z;59,63;59,63;59,63;59,63;;;;;;21,26;13,48;5,72;Entretien du linge du résident non délicat, Marquage du linge, Mise à disposition d’un poste de téléphonie dans la chambre, Prestations de coiffure (shampoing, coupe), coiffure;Fourniture de produits d’hygiène corporelle (savon, gel douche, shampoing, dentifrice...), Appels téléphoniques entrants, Appels téléphoniques sortants, Mise à disposition d’un poste de télévision dans la chambre, Internet dans la chambre (abonnement/accès au réseau Wifi), Prestations esthétiques de base, Prestations de pédicurie-podologie (hors prescription médicale);;;;;;;;;;;
126;EHPAD Korian Home de Cortefredone;2020-10-04T18:33:22.000Z;010789949;30;Privé commercial;;TRUE;FALSE;FALSE;FALSE;FALSE;TRUE;FALSE;FALSE;FALSE;TRUE;FALSE;TRUE;FALSE;FALSE;FALSE;FALSE;FALSE;FALSE;;3124,2;;;;;;Le Bourg;01310;01;AIN;CURTAFOND;04 74 25 75 36;;Groupe Korian;https://www.korian.fr/maison-retraite/ehpad-korian-home-de-cortefredone-curtafond-01310/;46.270227;5.090655;010789949;2020-01-21T23:00:00.000Z;98,9;;;;108,79;;;;;19,45;12,34;5,24;Application Korian Générations pour échanger avec ses proches;Entretien du linge du résident non délicat 107.5€/mois;;;;;;;;;;;
127;EHPAD Korian Jardin de Brou;2020-10-04T18:33:22.000Z;010789964;104;Privé commercial;;TRUE;FALSE;FALSE;FALSE;FALSE;TRUE;TRUE;FALSE;FALSE;FALSE;FALSE;TRUE;FALSE;FALSE;FALSE;FALSE;FALSE;FALSE;;3034,5;;;;;;19 boulevard de l'Hippodrome;01000;01;AIN;BOURG EN BRESSE;04 74 22 88 00;;Groupe Korian;https://www.korian.fr/maison-retraite/ehpad-korian-jardin-de-brou-bourg-en-bresse-01000/;46.188616;5.232255;010789964;2020-08-10T22:00:00.000Z;95,9;;;;105,49;;;;;19,5;12,38;5,25;Internet dans la chambre (abonnement/accès au réseau Wifi), Application Korian Générations pour échanger avec ses proches;Entretien du linge du résident non délicat 108.5€/mois, Prestations de pédicurie-podologie (hors prescription médicale), Marquage du linge, Fourniture de produits d’hygiène corporelle (savon, gel douche, shampoing, dentifrice...), Mise à disposition d’un poste de téléphonie dans la chambre, Appels téléphoniques entrants, Appels téléphoniques sortants, Mise à disposition d’un poste de télévision dans la chambre, Prestations de coiffure (shampoing, coupe), Prestations esthétiques de base;;;;;;;;;;;
14;EHPAD L'Ambarroise;2020-10-04T18:33:19.000Z;010002228;60;Privé commercial;;TRUE;FALSE;FALSE;FALSE;FALSE;TRUE;FALSE;FALSE;FALSE;FALSE;FALSE;FALSE;FALSE;FALSE;FALSE;FALSE;FALSE;FALSE;;3154,8;;;;;;58 Avenue Paul Painleve;01500;01;AIN;AMBERIEU EN BUGEY;04 74 46 11 11;direction.amberieu@orpea.net;SAS Résidence L'Ambroise;;45.957662;5.341405;010002228;2019-12-29T23:00:00.000Z;99,6;89,1;;;109,5;98;;;;20,65;13,12;5,56;Mise à disposition d’un poste de téléphonie dans la chambre, Appels téléphoniques entrants non facturés en sus, prise en charge du blanchissage des sous-vêtements des résidents;;;;;;;;;;;;
59;EHPAD La Catherinette;2020-10-04T18:33:20.000Z;010781078;80;Public;;TRUE;FALSE;FALSE;FALSE;FALSE;TRUE;FALSE;FALSE;FALSE;TRUE;TRUE;TRUE;FALSE;FALSE;FALSE;FALSE;FALSE;FALSE;;1976,4;;;;;;;01160;01;AIN;PONT D AIN;04 74 39 05 75;contact@ehpad-pontdain.fr;Maison de Retraite Pont d'Ain;;46.049353;5.341126;010781078;2020-02-27T23:00:00.000Z;60,47;;60,47;;;;;;;20,07;12,73;5,41;Entretien du linge personnel des résidents;Marquage du linge, Possibilité d'abonnement téléphonique en supplément : 15 € par mois;;;;;;;;;;;
56;EHPAD La Maison à Soie;2020-10-04T18:33:20.000Z;010781029;65;Public;;TRUE;FALSE;FALSE;FALSE;FALSE;TRUE;FALSE;FALSE;FALSE;TRUE;TRUE;TRUE;FALSE;FALSE;FALSE;FALSE;FALSE;FALSE;;1807,5;;;;;;2 Chemin de la Soie;01230;01;AIN;TENAY;04 74 36 59 00;ehpadtenay@maisonsoie.fr;EHPAD La Maison à Soie;http://www.maisonsoie.fr;45.920632;5.510488;010781029;2020-02-09T23:00:00.000Z;55;55;55;55;;;;;;19,51;12,38;5,25;Entretien du linge du résident non délicat, Marquage du linge, 21 € marquage du linge;Prestations de coiffure (shampoing, coupe), Prestations de pédicurie-podologie (hors prescription médicale);;;;;;;;;;;
94;EHPAD La Montagne;2020-10-04T18:33:21.000Z;010788024;210;Public;;TRUE;FALSE;FALSE;FALSE;FALSE;TRUE;FALSE;FALSE;FALSE;TRUE;TRUE;TRUE;FALSE;FALSE;FALSE;FALSE;FALSE;FALSE;;1965,9;;;;;;Route de Relevant;01400;01;AIN;CHATILLON SUR CHALARONNE;04 74 55 00 44;mrlamontagne@mrchatillon.fr;Maison de Retraite la Montagne;http://www.ehpad-lamontagne.fr/;46.111581;4.952110;010788024;2019-06-27T22:00:00.000Z;59,3;58,3;59,3;58,3;;;;;;23,16;14,69;6,23;Entretien du linge du résident non délicat;Marquage du linge, Mise à disposition d’un poste de téléphonie dans la chambre, Appels téléphoniques entrants, Appels téléphoniques sortants, Prestations de coiffure;;;;;;;;;;;
53;EHPAD La Rivére d'argent;2020-10-04T18:33:20.000Z;010780989;65;Public;;TRUE;FALSE;FALSE;FALSE;FALSE;TRUE;TRUE;FALSE;FALSE;TRUE;TRUE;TRUE;FALSE;FALSE;FALSE;FALSE;FALSE;FALSE;;1763,4;;;;;;72 rue de Lyon;01090;01;AIN;MONTMERLE SUR SAONE;04 74 69 37 49;ehpadmontmerle@orange.fr;Maison de Retraite Montmerle;;46.078267;4.759761;010780989;2020-07-28T22:00:00.000Z;54,02;;54,02;;47,15;;;;;17,59;11,16;4,76;;Marquage du linge, Appels téléphoniques sortants, Internet dans la chambre (abonnement/accès au réseau Wifi), Prestations de coiffure (shampoing, coupe), Prestations de pédicurie-podologie (hors prescription médicale), Tarif Hébergement EHPAD pour chambre équipée d'une douche : 56.52 €Tarif Hébergement Personne de moins de 60 ans : 69.18 €;;;;;;;;;;;
84;EHPAD La Rose d'Or;2020-10-04T18:33:21.000Z;010786143;80;Public;;TRUE;FALSE;FALSE;FALSE;FALSE;TRUE;FALSE;FALSE;FALSE;TRUE;TRUE;FALSE;FALSE;TRUE;FALSE;FALSE;FALSE;FALSE;;1762,8;;;;;;10 Rue du Guichardet;01800;01;AIN;MEXIMIEUX;04 74 46 07 60;hlmeximieux@hopitalmeximieux.org;CH de Meximieux;;45.913327;5.205761;010786143;2019-06-16T22:00:00.000Z;53,32;51,32;53,32;51,32;;;;;;20,23;12,83;5,44;;;;;;;;;;;;;
83;EHPAD La maison Bouchacourt;2020-10-04T18:33:21.000Z;010786135;127;Public;;TRUE;FALSE;FALSE;FALSE;FALSE;TRUE;TRUE;FALSE;FALSE;TRUE;TRUE;TRUE;FALSE;FALSE;FALSE;FALSE;FALSE;FALSE;;1990,5;;;;;;95 rue Chevalier-Burtin;01750;01;AIN;ST LAURENT SUR SAONE;03 85 39 09 90;contact@mrbouchacourt.fr;M.R. la Maison Bouchacourt Residence Med;;46.308389;4.841698;010786135;2020-10-28T23:00:00.000Z;61,03;59,53;61,03;59,53;67,13;67,13;67,13;67,13;;19,77;12,55;5,32;Entretien du linge du résident non délicat, Appels téléphoniques entrants non facturés en sus, Prestations esthétiques de base;Marquage du linge, Appels téléphoniques sortants, Internet dans la chambre (abonnement/accès au réseau Wifi), Prestations de coiffure (shampoing, coupe), Prestations de pédicurie-podologie (hors prescription médicale);;;;;;;;;;;
23;EHPAD La rose des vents;2020-10-04T18:33:19.000Z;010006799;94;Privé non lucratif;;TRUE;FALSE;FALSE;FALSE;FALSE;TRUE;TRUE;TRUE;FALSE;TRUE;TRUE;TRUE;FALSE;FALSE;FALSE;FALSE;FALSE;FALSE;;2110,2;;;;;;1289 rue Édouard-Herriot BP 51;01480;01;AIN;JASSANS RIOTTIER;04 74 09 53 50;larosedesvents@acppa.fr;ACPPA;http://ehpad-larosedesvents.groupe-acppa.fr/;45.982404;4.756888;010006799;2020-07-15T22:00:00.000Z;65,09;;65,09;;88;;;;;19,49;12,37;5,25;Entretien du linge personnel;;;;;;;;;;;;
76;EHPAD Le Chapuis;2020-10-04T18:33:21.000Z;010786002;61;Privé commercial;;TRUE;FALSE;FALSE;FALSE;FALSE;TRUE;FALSE;FALSE;FALSE;FALSE;FALSE;TRUE;FALSE;FALSE;FALSE;FALSE;FALSE;FALSE;;2503,2;;;;;;880 Route de Chapuis Château Chapuis;01400;01;AIN;ROMANS;04 74 55 09 59;lechapuis.secretariat@gmail.com;SARL Ain Retraite;http://lesclosdecormaline.fr/;46.124068;4.990016;010786002;2020-06-10T22:00:00.000Z;78;;;;85,8;;;;;20,18;12,81;5,44;Entretien du linge du résident non délicat, Appels téléphoniques entrants non facturés en sus;Marquage du linge, Fourniture de produits d’hygiène corporelle (savon, gel douche, shampoing, dentifrice...), Mise à disposition d’un poste de téléphonie dans la chambre, Appels téléphoniques sortants, Hébergement en unité protégée : 89.75€ par jour Hébergement temporaire en unité protégée :  98.71 €;;;;;;;;;;;
45;EHPAD Le Château de Grex;2020-10-09T07:59:28.000Z;010780849;84;Privé non lucratif;;TRUE;FALSE;FALSE;FALSE;FALSE;TRUE;FALSE;FALSE;FALSE;TRUE;TRUE;FALSE;FALSE;FALSE;FALSE;FALSE;FALSE;FALSE;;2006,1;;;;;;Grande Route GIGNEZ;01420;01;AIN;CORBONOD;04 50 56 15 43;grex-accueil@itinova.org;Association Santé et Bien-Être;;45.974761;5.807266;010780849;2020-09-16T22:00:00.000Z;61,46;;61,46;;;;;;;20,08;12,75;5,41;;TARIF HEBERGEMENT DES MOINS DE 60 ANS : 77.88€;;;;;;;;;;;
18;EHPAD Le Clos Chevalier;2020-10-04T18:33:19.000Z;010004059;70;Privé non lucratif;;TRUE;FALSE;FALSE;FALSE;FALSE;TRUE;TRUE;FALSE;FALSE;TRUE;TRUE;TRUE;FALSE;FALSE;FALSE;FALSE;FALSE;FALSE;;2207,4;;;;;;7 rue du Père-Adam;01210;01;AIN;ORNEX;04 50 99 11 00;accueil@orsac-lecloschevalier.fr;Association Orsac;http://www.lecloschevalier.fr;46.263261;6.111996;010004059;2020-07-02T22:00:00.000Z;68,21;;68,21;;80;;80;;;19,91;12,64;5,37;Entretien du linge du résident non délicat, Marquage du linge, Mise à disposition d’un poste de téléphonie dans la chambre, Appels téléphoniques entrants non facturés en sus, Internet dans la chambre (abonnement/accès au réseau Wifi), Prise TV et accès Wifi;;;;;;;;;;;;
116;EHPAD Les Ancolies Peronnas;2020-10-04T18:33:22.000Z;010789204;80;Privé non lucratif;;TRUE;FALSE;FALSE;FALSE;FALSE;TRUE;TRUE;TRUE;FALSE;TRUE;FALSE;TRUE;FALSE;TRUE;FALSE;FALSE;FALSE;FALSE;;1962,9;;;;;;131 rue Jean-Monnet;01960;01;AIN;PERONNAS;04 74 32 84 00;ancolies@mutain.com;Mutualite Francaise Ain SSAM;;46.179079;5.200360;010789204;2020-06-02T22:00:00.000Z;59,96;;;;64,96;;;;;20,29;12,88;5,47;Appels téléphoniques entrants non facturés en sus, Appels téléphoniques sortants non facturés en sus;"Tarif journalier Hébergement pour une chambre seule ""grande surface"" :  69.96 euros - Lavage linge résident Forfait mensuel :  50,00euros - Repas invité :  18,50 euros";;;;;;;;;;;
115;EHPAD Les Jardins Médicis;2020-10-04T18:33:22.000Z;010789188;70;Privé commercial;;TRUE;FALSE;FALSE;FALSE;FALSE;TRUE;TRUE;FALSE;FALSE;FALSE;FALSE;TRUE;FALSE;FALSE;FALSE;FALSE;FALSE;FALSE;;2852,1;;;;;;271 chemin de Charignin;01300;01;AIN;BELLEY;04 79 87 30 70;dir-medicis-belley@domusvi.com;SAS Semillance;http://www.medicisbelley.com/;45.748970;5.692652;010789188;2020-10-01T22:00:00.000Z;90;;;;;;;;;18,84;11,99;5,07;;Entretien du linge du résident non délicat 84.0€/mois, Marquage du linge, Fourniture de produits d’hygiène corporelle (savon, gel douche, shampoing, dentifrice...), Appels téléphoniques sortants, Prestations de coiffure (shampoing, coupe), Prestations esthétiques de base, Prestations de pédicurie-podologie (hors prescription médicale);;;;;;;;;;;
78;EHPAD Les Jardins du Lac;2020-10-04T18:33:21.000Z;010786036;152;Public;;TRUE;FALSE;FALSE;FALSE;FALSE;TRUE;FALSE;FALSE;FALSE;TRUE;TRUE;FALSE;FALSE;TRUE;FALSE;FALSE;FALSE;FALSE;;1904,4;;;;;;50 Rue Paul Painlevé;01130;01;AIN;NANTUA;04 74 73 10 01;secretariatdir@ch-hautbugey.fr;CH du Haut Bugey;;46.14894;5.608452;010786036;2020-09-15T22:00:00.000Z;58,1;;58,1;;;;;;;20,34;13;5,38;Entretien du linge du résident non délicat, Marquage du linge, Mise à disposition d’un poste de téléphonie dans la chambre, Appels téléphoniques entrants non facturés en sus, Internet dans la chambre (abonnement/accès au réseau Wifi);;;;;;;;;;;;
74;EHPAD Les Mimosas;2020-10-04T18:33:21.000Z;010785681;48;Privé non lucratif;;TRUE;FALSE;FALSE;FALSE;FALSE;TRUE;FALSE;FALSE;FALSE;TRUE;TRUE;FALSE;FALSE;FALSE;FALSE;FALSE;FALSE;FALSE;;2090,1;;;;;;2 Montée de la Paroche;01700;01;AIN;ST MAURICE DE BEYNOST;04 37 85 51 51;contact@josephineguillon.fr;Institution Josephine Guillon;https://www.institution-josephine-guillon.fr/;45.831982;4.978482;010785681;2020-01-30T23:00:00.000Z;64,39;;64,39;;;;;;;19,58;12,44;5,28;Entretien du linge du résident non délicat, Marquage du linge, Mise à disposition d’un poste de téléphonie dans la chambre, Appels téléphoniques entrants non facturés en sus, Appels téléphoniques sortants non facturés en sus;Prestations de coiffure (shampoing, coupe), Prestations esthétiques de base, Prestations de pédicurie-podologie (hors prescription médicale);;;;;;;;;;;
101;EHPAD Les Opalines;2020-10-04T18:33:22.000Z;010788396;30;Privé commercial;;TRUE;FALSE;FALSE;FALSE;FALSE;TRUE;FALSE;FALSE;FALSE;FALSE;FALSE;FALSE;FALSE;FALSE;FALSE;FALSE;FALSE;FALSE;;2181;;;;;;139 Allee Jean Brevet;01400;01;AIN;NEUVILLE LES DAMES;04 74 55 69 99;opalines-neuville@lesopalines.fr;SGMR;http://www.lesopalines.fr/ehpad-neuville-les-dames/;46.164495;5.002444;010788396;2020-03-09T23:00:00.000Z;67,15;;;;;;;;;20,62;13,08;5,55;Marquage du linge, Téléphone, accès WIFIBlanchissageFourniture de gel lavant pour le corps et cheveuxMarquage du lingeFourniture et traitement des gants de toilette, serviettes et draps de bain;;;;;;;;;;;;
75;EHPAD Les Opalines Belignieux;2020-10-04T18:33:21.000Z;010785822;80;Privé commercial;;TRUE;FALSE;FALSE;FALSE;FALSE;TRUE;TRUE;FALSE;FALSE;FALSE;FALSE;TRUE;FALSE;FALSE;FALSE;FALSE;FALSE;FALSE;;2773,2;;;;;;37 Rue du Professeur Robert Hugonot LE FOLU;01360;01;AIN;BELIGNEUX;04 37 40 85 50;opalines-beligneux@lesopalines.fr;SGMR;http://beligneux.lesopalines.fr;45.85213;5.12412;010785822;2020-08-26T22:00:00.000Z;87,2;;;;95,92;;;;;19,43;12,33;5,24;;Entretien du linge du résident non délicat 90.0€/mois, Chambre seule avec terrasse - hébergement permanent : 97.70 €/jour;;;;;;;;;;;
117;EHPAD Les Résidences Camille Cornier;2020-10-04T18:33:22.000Z;010789220;80;Privé non lucratif;;TRUE;FALSE;FALSE;FALSE;FALSE;TRUE;FALSE;FALSE;FALSE;TRUE;TRUE;FALSE;FALSE;FALSE;FALSE;FALSE;FALSE;FALSE;;1829,7;;;;;;40 allée Hugon;01250;01;AIN;CEYZERIAT;04 74 25 04 90;ehpad.ceyzeriat@wanadoo.fr;Association Residences de Ceyzeriat;http://www.ehpad-ceyzeriat.fr;46.179311;5.326653;010789220;2019-06-06T22:00:00.000Z;55,53;;55,53;;;;;;;20,28;12,87;5,46;;;;;;;;;;;;;
55;EHPAD Les Saulaies;2020-10-04T18:33:20.000Z;010781011;88;Public;;TRUE;FALSE;FALSE;FALSE;FALSE;TRUE;TRUE;TRUE;FALSE;TRUE;TRUE;TRUE;FALSE;FALSE;FALSE;FALSE;FALSE;FALSE;;1833,3;;;;;;119 place de l'Église;01990;01;AIN;ST TRIVIER SUR MOIGNANS;04 74 55 80 68;direction@ehpadsaulaies.fr;Maison de Retraite St Trivier-M;;46.070930;4.895981;010781011;2019-06-25T22:00:00.000Z;55,99;55,99;55,99;55,99;55,99;;55,99;;;19;12,06;5,12;Entretien du linge du résident non délicat;Marquage du linge, Prestations de coiffure, Accueil de jour - Hébergement - journée complète avec repas : 15.81 eurosAccueil de jour - Dépendance - GIR 2 à 5, journée complète avec repas : 14.05 euros;;;;;;;;;;;
52;EHPAD Les Tilleuls;2020-10-04T18:33:20.000Z;010780971;108;Public;;TRUE;FALSE;FALSE;FALSE;FALSE;TRUE;FALSE;FALSE;FALSE;TRUE;FALSE;FALSE;FALSE;TRUE;FALSE;FALSE;FALSE;FALSE;;1884,6;;;;;;85 promenade des Tilleuls;01120;01;AIN;MONTLUEL;04 72 25 18 18;contact@ehpadmontluel.fr;Maison de Retraite Montluel;http://www.maison-de-retraite-montluel.fr;45.849301;5.053338;010780971;2020-07-02T22:00:00.000Z;57,35;;57,35;;;;;;;20,28;12,87;5,47;;Hébergement des moins de 60 ans : 75.02€/jour;;;;;;;;;;;
79;EHPAD Les Tournants des saisons;2020-10-04T18:33:21.000Z;010786077;103;Public;;TRUE;FALSE;FALSE;FALSE;FALSE;TRUE;FALSE;FALSE;FALSE;TRUE;TRUE;FALSE;FALSE;FALSE;FALSE;FALSE;FALSE;FALSE;;1904,4;;;;;;1 rue Bellevue;01100;01;AIN;OYONNAX;04 74 73 10 01;secretariatdir@ch-hautbugey.fr;CH du Haut Bugey;;46.255544;5.650452;010786077;2020-07-05T22:00:00.000Z;58,1;56,1;58,1;56,1;;;;;;20,34;13;5,38;Entretien du linge du résident non délicat, Marquage du linge, Mise à disposition d’un poste de téléphonie dans la chambre, Appels téléphoniques entrants non facturés en sus;;;;;;;;;;;;
86;EHPAD Maison Saint-Joseph;2020-10-04T18:33:21.000Z;010786176;106;Privé non lucratif;;TRUE;FALSE;FALSE;FALSE;FALSE;TRUE;TRUE;FALSE;FALSE;TRUE;FALSE;TRUE;FALSE;FALSE;FALSE;FALSE;FALSE;FALSE;;1895,7;;;;;;108 Rue Thomas Riboud;01250;01;AIN;JASSERON;04 74 30 01 77;direction@st-joseph-jasseron.fr;Maison de Retraite St Joseph;http://www.st-joseph-jasseron.fr;46.212976;5.325978;010786176;2020-07-06T22:00:00.000Z;57,73;;57,73;;57,73;;57,73;;;20,28;12,87;5,46;;Entretien du linge du résident non délicat 30.0€/mois;;;;;;;;;;;
102;EHPAD Plein Soleil;2020-10-04T18:33:22.000Z;010788438;66;Public;;TRUE;FALSE;FALSE;FALSE;FALSE;TRUE;FALSE;FALSE;FALSE;TRUE;FALSE;FALSE;FALSE;TRUE;FALSE;FALSE;FALSE;FALSE;;1635,6;;;;;;130 route du Charantonod Saint-Martin;01680;01;AIN;LHUIS;04 74 39 85 88;ehpad.pleinsoleil@ehpad-lhuis.fr;Mapa Plein Soleil Lhuis;;45.742637;5.545148;010788438;2019-07-02T22:00:00.000Z;49,42;;;;;;;;;18,97;12,04;5,1;Entretien du linge du résident non délicat, Marquage du linge, Mise à disposition d’un poste de téléphonie dans la chambre, Appels téléphoniques entrants non facturés en sus, Appels téléphoniques sortants non facturés en sus, Prestations de coiffure (shampoing, coupe), Prestations de pédicurie-podologie (hors prescription médicale);;;;;;;;;;;;
106;EHPAD Privé la Pergola;2020-10-04T18:33:22.000Z;010788743;95;Privé commercial;;TRUE;FALSE;FALSE;FALSE;FALSE;TRUE;FALSE;FALSE;FALSE;FALSE;FALSE;TRUE;FALSE;FALSE;FALSE;FALSE;FALSE;FALSE;;3023,1;;;;;;32 boulevard Saint-Nicolas;01000;01;AIN;BOURG EN BRESSE;04 74 45 38 01;lapergola@emera.fr;SAS Emera Exploitations;http://www.emera.fr;46.205890;5.234678;010788743;2020-05-10T22:00:00.000Z;95,5;78,5;;;;;;;;19,54;12,41;5,27;Mise à disposition d’un poste de téléphonie dans la chambre, Appels téléphoniques entrants non facturés en sus, Internet dans la chambre (abonnement/accès au réseau Wifi), accès wifi;;;;;;;;;;;;
48;EHPAD Résideance l'Albizia;2020-10-04T18:33:20.000Z;010780922;53;Public;;TRUE;FALSE;FALSE;FALSE;FALSE;TRUE;FALSE;FALSE;FALSE;TRUE;TRUE;TRUE;FALSE;TRUE;FALSE;FALSE;FALSE;FALSE;;1859,7;;;;;;362 Rue de la Grand Côte;01450;01;AIN;CERDON;04 74 39 96 62;mr.cerdon@ehpad-cerdon.fr;Maison de Retraite Cerdon;;46.084039;5.465242;010780922;2020-02-23T23:00:00.000Z;56,5;;56,5;;;;;;;20,39;12,93;5,49;Entretien du linge du résident non délicat, Marquage du linge, Prises téléphone et télévision;;;;;;;;;;;;
91305;EHPAD Résidence Ameyzieu;2020-10-04T18:33:21.000Z;010788040;46;Privé commercial;;TRUE;FALSE;FALSE;FALSE;FALSE;TRUE;FALSE;FALSE;FALSE;FALSE;FALSE;FALSE;FALSE;FALSE;FALSE;FALSE;FALSE;FALSE;;2859;;;;;;Rue de la Biganderie Ameyzieu;01510;01;AIN;TALISSIEU;04 79 42 39 39;accueil-ameyzieu@groupecolisee.com;Groupe Colisée;https://www.groupecolisee.com/residences/services-ameyzieu/;45.8713813;5.709155499999952;010788040;2020-09-27T22:00:00.000Z;90;;;;;;;;;19,65;12,46;5,3;Mise à disposition d’un poste de téléphonie dans la chambre, Appels téléphoniques entrants non facturés en sus, Appels téléphoniques sortants non facturés en sus, Mise à disposition d’un poste de télévision dans la chambre, Internet dans la chambre (abonnement/accès au réseau Wifi);;;;;;;;;;;;
69;EHPAD Résidence Bon séjour;2020-10-04T18:33:21.000Z;010784692;95;Privé non lucratif;;TRUE;FALSE;FALSE;FALSE;FALSE;TRUE;FALSE;FALSE;FALSE;TRUE;TRUE;FALSE;FALSE;FALSE;FALSE;FALSE;FALSE;FALSE;;2216,4;;;;;;80 avenue Joséphine-Guillon;01700;01;AIN;MIRIBEL;04 78 55 75 75;contact@josephineguillon.fr;Institution Joséphine Guillon;https://www.institution-josephine-guillon.fr/;45.826982;4.954058;010784692;2020-01-30T23:00:00.000Z;68,47;64,47;68,47;64,47;;;;;;20,03;12,71;5,41;Entretien du linge du résident non délicat, Marquage du linge, Mise à disposition d’un poste de téléphonie dans la chambre, Appels téléphoniques entrants non facturés en sus, Appels téléphoniques sortants non facturés en sus, Internet dans la chambre (abonnement/accès au réseau Wifi);Fourniture de produits d’hygiène corporelle (savon, gel douche, shampoing, dentifrice...), Prestations de coiffure (shampoing, coupe), Prestations esthétiques de base, Prestations de pédicurie-podologie (hors prescription médicale);;;;;;;;;;;
46;EHPAD Résidence Fontelune;2020-10-04T18:33:20.000Z;010780906;84;Public;;TRUE;FALSE;FALSE;FALSE;FALSE;TRUE;FALSE;FALSE;FALSE;TRUE;FALSE;TRUE;FALSE;FALSE;FALSE;FALSE;FALSE;FALSE;;1827,3;;;;;;10 rue de la Commune-de-1871;01500;01;AIN;AMBERIEU EN BUGEY;04 74 46 14 20;ehpadamberieu@fontelune.fr;Residence Fontelune;http://www.fontelune.fr;45.969007;5.350794;010780906;2020-02-12T23:00:00.000Z;55,32;55,32;55,32;55,32;;;;;;20,78;13,19;5,59;Entretien du linge du résident non délicat;;;;;;;;;;;;
50;EHPAD Résidence La Jonquillère;2020-10-04T18:33:20.000Z;010780955;81;Public;;TRUE;FALSE;FALSE;FALSE;FALSE;TRUE;TRUE;FALSE;FALSE;TRUE;FALSE;FALSE;FALSE;FALSE;FALSE;FALSE;FALSE;FALSE;;1785,6;;;;;;Rue des Écoliers BP 7;01270;01;AIN;COLIGNY;04 74 30 10 56;accueil.coligny@orange.fr;Maison de Retraite - Coligny;;46.383239;5.347471;010780955;2019-06-27T22:00:00.000Z;54,16;54,16;54,16;54,16;54,16;54,16;54,16;54,16;;19,91;12,64;5,36;Entretien du linge du résident non délicat;Entretien du linge du résident non délicat;;;;;;;;;;;
41;EHPAD Résidence Le Crêt de la Neige;2020-10-04T18:33:20.000Z;010780013;83;Public;;TRUE;FALSE;FALSE;FALSE;FALSE;TRUE;TRUE;TRUE;FALSE;TRUE;TRUE;FALSE;FALSE;TRUE;FALSE;FALSE;FALSE;FALSE;;2093,1;;;;;;131 Allee des Frenes;01220;01;AIN;DIVONNE LES BAINS;04 50 20 12 35;divonne.accueil@ch-paysdegex.fr;CH du Pays de Gex;;46.346204;6.141848;010780013;2020-08-19T22:00:00.000Z;63,79;;63,79;;;;;;;22,19;14,09;5,98;Entretien du linge du résident non délicat, Mise à disposition d’un poste de téléphonie dans la chambre, Appels téléphoniques entrants non facturés en sus, Mise à disposition d’un poste de télévision dans la chambre, Internet dans la chambre (abonnement/accès au réseau Wifi);;;;;;;;;;;;
125;EHPAD Résidence Les Peupliers;2020-10-04T18:33:22.000Z;010789915;90;Privé commercial;;TRUE;FALSE;FALSE;FALSE;FALSE;TRUE;FALSE;FALSE;FALSE;FALSE;FALSE;FALSE;FALSE;FALSE;FALSE;FALSE;FALSE;FALSE;;2484,6;;;;;;2 avenue des Belges;01000;01;AIN;BOURG EN BRESSE;04 74 23 85 00;bourg.direction@sofinam.fr;Résidence les Peupliers - Bourg;http://www.peupliers-ehpad.com;46.206703;5.230905;010789915;2020-10-11T22:00:00.000Z;77,64;70,26;;;;;;;;19,2;12,21;5,18;Entretien du linge du résident non délicat, Mise à disposition d’un poste de téléphonie dans la chambre, Internet dans la chambre (abonnement/accès au réseau Wifi), Entretien du linge du résident compris dans le tarif Hébergement;;;;;;;;;;;;
73497;EHPAD Résidence Seillon;2020-10-04T18:33:22.000Z;010789402;82;Privé non lucratif;;TRUE;FALSE;FALSE;FALSE;FALSE;TRUE;FALSE;FALSE;FALSE;TRUE;TRUE;FALSE;FALSE;TRUE;FALSE;FALSE;FALSE;FALSE;;1942,8;;;;;;Chemin des Carronnieres;01960;01;AIN;PERONNAS;04 74 32 88 00;seillon.repos@lebonrepos.fr;Association le bon repos;http://www.lebonrepos.fr/ehpad-peronnas-ain.htm;46.173644;5.227162;010789402;2020-09-20T22:00:00.000Z;59,42;;59,42;;;;;;;19,83;12,57;5,34;Mise à disposition d’un poste de téléphonie dans la chambre, Appels téléphoniques entrants non facturés en sus, Internet dans la chambre (abonnement/accès au réseau Wifi);Entretien du linge du résident non délicat 46.0€/mois, Marquage du linge, Appels téléphoniques sortants, Prestations de coiffure (shampoing, coupe), Prestations esthétiques de base, Prestations de pédicurie-podologie (hors prescription médicale), Autre proposition de logement : *Studio 1 personne : 70.17€/jour       * Studio double : 52.69€/jour/personne;;;;;;;;;;;
58;EHPAD Saint-Vincent;2020-10-04T18:33:20.000Z;010781045;82;Privé non lucratif;;TRUE;FALSE;FALSE;FALSE;FALSE;TRUE;FALSE;FALSE;FALSE;TRUE;TRUE;TRUE;FALSE;FALSE;FALSE;FALSE;FALSE;FALSE;;2059,8;;;;;;83 rue des Narcisses;01200;01;AIN;BELLEGARDE SUR VALSERINE;04 50 56 62 25;ehpad.st-vincent.sec@ccass-sbe.org;Association Santé et Bien-Être;;46.119682;5.817411;010781045;2019-04-12T22:00:00.000Z;63,39;;;;;;;;;19,54;12,41;5,27;Entretien du linge du résident non délicat, Mise à disposition d’un poste de téléphonie dans la chambre, Appels téléphoniques entrants non facturés en sus, Mise à disposition d’un poste de télévision dans la chambre;;;;;;;;;;;;
60;EHPAD Soeur Rosalie;2020-10-04T18:33:21.000Z;010784106;85;Privé non lucratif;;TRUE;FALSE;FALSE;FALSE;FALSE;TRUE;FALSE;FALSE;FALSE;TRUE;FALSE;FALSE;FALSE;FALSE;FALSE;FALSE;FALSE;FALSE;;1809,9;;;;;;Rue du Cret d'Eau;01200;01;AIN;CONFORT;04 50 56 51 80;rosalie-secretariat@itinova.org;Association Santé et Bien-Être;https://www.itinova.org/etablissement/ehpad-soeur-rosalie-confort-38.html;46.149727;5.822646;010784106;2020-06-24T22:00:00.000Z;54,28;54,28;54,28;54,28;;;;;;22,42;14,23;6,05;Entretien du linge du résident non délicat;Marquage du linge;;;;;;;;;;;
112;EHPAD Utrillo Saint-Bernard;2020-10-04T18:33:22.000Z;010789030;80;Privé commercial;;TRUE;FALSE;FALSE;FALSE;FALSE;TRUE;FALSE;FALSE;FALSE;FALSE;TRUE;TRUE;FALSE;FALSE;FALSE;FALSE;FALSE;FALSE;;2910,3;;;;;;750 Chemin de la Mulati;01600;01;AIN;ST BERNARD;04 74 00 17 17;residence.utrillo@wanadoo.fr;SAS Utrillo;;45.949757;4.739166;010789030;2019-04-07T22:00:00.000Z;92;76;;;;;;;;18,64;11,84;5,01;;;;;;;;;;;;;
113;EHPAD Villa Adelaide;2020-10-04T18:33:22.000Z;010789055;64;Privé commercial;;TRUE;FALSE;FALSE;FALSE;FALSE;TRUE;FALSE;FALSE;FALSE;FALSE;FALSE;TRUE;FALSE;FALSE;FALSE;FALSE;FALSE;FALSE;;2515,5;;;;;;44 Rue du Château d'Eau;01110;01;AIN;HAUTEVILLE LOMPNES;04 74 35 36 50;villadelaide@tavonis.fr;SARL Adelaide;http://www.pavonis.fr;45.97345;5.607414;010789055;2020-01-22T23:00:00.000Z;79;;;;;;;;;18,06;11,46;4,85;;Entretien du linge du résident non délicat 87.0€/mois, Marquage du linge, Mise à disposition d’un poste de téléphonie dans la chambre, Appels téléphoniques entrants, Appels téléphoniques sortants, Prestations de coiffure (shampoing, coupe), Prestations esthétiques de base, Prestations de pédicurie-podologie (hors prescription médicale);;;;;;;;;;;
124;EHPAD Villa Charlotte;2020-10-04T18:33:22.000Z;010789899;46;Privé commercial;;TRUE;FALSE;FALSE;FALSE;FALSE;TRUE;FALSE;FALSE;FALSE;FALSE;FALSE;FALSE;FALSE;FALSE;FALSE;FALSE;FALSE;FALSE;;1985,4;;;;;;Rue du Général Andréa;01100;01;AIN;ARBENT;04 74 77 42 42;charlotte-arbent@domusvi.com;SARL Villa Charlotte;https://www.domusvi.com/maisons-de-retraite/villa-charlotte-arbent-3344192;46.296679;5.683746;010789899;2020-06-09T22:00:00.000Z;61;68;;;;;;;;19,25;12,21;5,18;Appels téléphoniques entrants non facturés en sus, Appels téléphoniques sortants non facturés en sus, Mise à disposition d’un poste de télévision dans la chambre;Entretien du linge du résident non délicat, Marquage du linge, Fourniture de produits d’hygiène corporelle (savon, gel douche, shampoing, dentifrice...), Mise à disposition d’un poste de téléphonie dans la chambre, Prestations de coiffure (shampoing, coupe), Prestations esthétiques de base, Prestations de pédicurie-podologie (hors prescription médicale), Vous avez également la possibilité d’inviter vos proches à venir partager un repas;;;;;;;;;;;
95;EHPAD de Montrevel-en-Bresse;2020-10-09T08:05:19.000Z;010788032;166;Public;;TRUE;FALSE;FALSE;FALSE;FALSE;TRUE;TRUE;FALSE;FALSE;TRUE;TRUE;FALSE;FALSE;TRUE;FALSE;FALSE;FALSE;FALSE;;1735,5;;;;;;57 Rue de l'Hopital BP 74;01340;01;AIN;MONTREVEL EN BRESSE;04 74 30 82 66;direction@ehpad-montrevel.fr;EHPAD de Montrevel-en-Bresse;;46.340438;5.126734;010788032;2020-07-22T22:00:00.000Z;52,38;;52,38;;52,38;;52,38;;;20,31;12,87;5,47;Entretien du linge du résident non délicat, Appels téléphoniques entrants non facturés en sus;Marquage du linge, Appels téléphoniques sortants;;;;;;;;;;;
54;EHPAD de Saint-Trivier de Courtes- Résidence docteur Perret;2020-10-04T18:33:20.000Z;010781003;91;Public;;TRUE;FALSE;FALSE;FALSE;FALSE;TRUE;FALSE;FALSE;FALSE;TRUE;FALSE;FALSE;FALSE;TRUE;FALSE;FALSE;FALSE;FALSE;;1754,4;;;;;;17 route de Servignat;01560;01;AIN;ST TRIVIER DE COURTES;04 74 30 70 44;ehpadtriviercourtes@ehpad01560.fr;M.R. St Trivier-De-Courtes;;46.457333;5.077801;010781003;2020-03-03T23:00:00.000Z;52,63;52,63;52,63;52,63;;;;;;21,72;13,78;5,85;;;;;;;;;;;;;
57;EHPAD de Villars les Dombes;2020-10-04T18:33:20.000Z;010781037;84;Public;;TRUE;FALSE;FALSE;FALSE;FALSE;TRUE;TRUE;FALSE;FALSE;TRUE;TRUE;FALSE;FALSE;TRUE;FALSE;FALSE;FALSE;FALSE;;1722,3;;;;;;37 Rue du Collège;01330;01;AIN;VILLARS LES DOMBES;04 74 98 01 04;contact@ehpadvillars.fr;Maison de Retraite Publique de Villars;;46.000686;5.026269;010781037;2019-03-14T23:00:00.000Z;51,83;51,83;51,83;51,83;51,83;51,83;;;;20,73;13,16;5,58;Entretien du linge;Ligne téléphonique - abonnement mensuel de 17€Marquage du linge:1 de forfait 40€ uniquement à l'entrée;;;;;;;;;;;
82;EHPAD des mille étangs;2020-10-04T18:33:21.000Z;010786119;80;Public;;TRUE;FALSE;FALSE;FALSE;FALSE;TRUE;FALSE;FALSE;FALSE;TRUE;FALSE;FALSE;FALSE;FALSE;FALSE;FALSE;FALSE;FALSE;;1915,8;;;;;;Place de l'Hopital;01320;01;AIN;CHALAMONT;04 74 61 70 14;mr.chalamont@orange.fr;EHPAD des mille étangs;;45.996242;5.169586;010786119;2019-05-19T22:00:00.000Z;58,24;57,24;58,24;57,24;;;;;;20,85;13,23;5,62;Marquage du linge, Mise à disposition d’un poste de téléphonie dans la chambre, Appels téléphoniques entrants non facturés en sus, Prestations de coiffure (shampoing, coupe), Prestations esthétiques de base, Prestations de pédicurie-podologie (hors prescription médicale), LINGERIE BLANCHISSERIE;;;;;;;;;;;;
31;EHPAD du Centre hospitalier de Hauteville-Lompnes;2020-10-04T18:33:19.000Z;010008571;69;Public;;TRUE;FALSE;FALSE;FALSE;FALSE;TRUE;FALSE;FALSE;FALSE;TRUE;TRUE;FALSE;FALSE;FALSE;FALSE;FALSE;FALSE;FALSE;;1557,3;;;;;;;01110;01;AIN;HAUTEVILLE LOMPNES;04 74 40 80 00;secret.direction@chph01.fr;CH Public Hauteville;http://www.chph.org;45.976980;5.601785;010008571;2020-06-28T22:00:00.000Z;45,89;45,89;45,89;45,89;45,89;45,89;45,89;45,89;;22,33;14,17;6,02;Télévision et téléphone dans les chambres , accès wifi;;;;;;;;;;;;
85;EHPAD du Centre hospitalier de Meximieux;2020-10-04T18:33:21.000Z;010786150;44;Public;;TRUE;FALSE;FALSE;FALSE;FALSE;TRUE;FALSE;FALSE;FALSE;TRUE;TRUE;TRUE;FALSE;FALSE;FALSE;FALSE;FALSE;FALSE;;1762,8;;;;;;13 Avenue du Docteur Boyer;01800;01;AIN;MEXIMIEUX;04 74 61 01 77;hlmeximieux@hopitalmeximieux.org;Centre hospitalier de Meximieux;;45.906192;5.194579;010786150;2019-06-16T22:00:00.000Z;53,32;51,32;53,32;51,32;;;;;;20,23;12,83;5,44;;;;;;;;;;;;;
80;EHPAD du Centre hospitalier de Pont de Vaux;2020-10-09T08:04:21.000Z;010786085;172;Public;;TRUE;FALSE;FALSE;FALSE;FALSE;TRUE;FALSE;FALSE;FALSE;TRUE;TRUE;FALSE;FALSE;TRUE;FALSE;FALSE;FALSE;FALSE;;1753,8;;;;;;Les Nivres BP 55;01190;01;AIN;PONT DE VAUX;03 85 30 80 00;hopital@chpv.fr;Centre hospitalier de Pont de Vaux;http://www.ch-pontdevaux.fr;46.433766;4.94476;010786085;2020-07-21T22:00:00.000Z;53,21;53,21;53,21;53,21;;;;;;19,5;12,37;5,25;Entretien du linge du résident non délicat, Mise à disposition d’un poste de téléphonie dans la chambre, Appels téléphoniques entrants non facturés en sus, Mise à disposition d’un poste de télévision dans la chambre;Marquage du linge;;;;;;;;;;;
68;EHPAD du Centre hospitalier du Pays de Gex;2020-10-04T18:33:21.000Z;010784510;170;Public;;TRUE;FALSE;FALSE;FALSE;FALSE;TRUE;TRUE;FALSE;FALSE;TRUE;FALSE;TRUE;FALSE;FALSE;FALSE;FALSE;FALSE;FALSE;;1899,9;;;;;;160 rue Marc-Panissod BP 437;01170;01;AIN;GEX;04 50 40 38 38;gex.accueil@ch-paysdegex.fr;Centre hospitalier du Pays de Gex;;46.322338602796705;6.057731487104822;010784510;2020-08-19T22:00:00.000Z;58,04;52,74;58,04;52,74;72,64;66,5;;;;19,65;12,48;5,29;Entretien du linge du résident non délicat, Mise à disposition d’un poste de téléphonie dans la chambre, Appels téléphoniques entrants non facturés en sus, Internet dans la chambre (abonnement/accès au réseau Wifi);;;;;;;;;;;;
73483;EHPAD les Hellebores Groissiat;2020-10-04T18:33:19.000Z;010009223;77;Privé non lucratif;;TRUE;FALSE;FALSE;FALSE;FALSE;TRUE;TRUE;FALSE;FALSE;TRUE;FALSE;TRUE;FALSE;TRUE;FALSE;FALSE;FALSE;FALSE;;2177,4;;;;;;1 place Louis Saint Cyr;01100;01;AIN;GROISSIAT;    ;leshellebores@mutain.com;Mutualité française Ain SSAM;;46.22138094123633;5.607834163450081;010009223;2020-06-02T22:00:00.000Z;66,2;;;;66,2;;;;;23,68;15,04;6,38;;Lavage linge résident - Forfait mensuel :   52.35 € TTC Repas visiteurs :   14.00 € TTC;;;;;;;;;;;
17667;Foyer-Logement La Corderie Montmerle Saône;2020-10-04T18:33:19.000Z;010008340;22;Public;;FALSE;FALSE;FALSE;TRUE;FALSE;TRUE;FALSE;FALSE;FALSE;FALSE;FALSE;FALSE;FALSE;FALSE;FALSE;FALSE;FALSE;TRUE;;540,57;;;;;;74 rue de Lyon;01090;01;AIN;MONTMERLE SUR SAONE;04 74 22 40 66;;SEMCODA Bourg En Bresse;http://www.www.semcoda.com;46.0777926;4.759633;;;;;;;;;;;;;;;;;010008340;2019-05-28T22:00:00.000Z;540,57;;;;571,58;;;Gestion administrative de l'ensemble du séjour, notamment l'état des lieux contradictoire d'entrée et de sortie[separateur]Elaboration et suivi du contrat de séjour, de ses annexes et ses avenants[separateur]Mise à disposition d'un logement privatif comprenant en sus des connectiques nécessaires pour recevoir la télévision et installer le téléphone[separateur]Mise à disposition et entretien de locaux collectifs[separateur]Accès à une offre d'actions collectives et individuelles de prévention de la perte d'autonomie au sein de l'établissement ou à l'extérieur de celui-ci[separateur]Accès à un service de restauration par tous moyens[separateur]Accès aux animations collectives et aux activités organisées dans l'enceinte de l'établissement[separateur]Organisation des activités extérieures;
17699;Foyer-Logement Le triolet;2020-10-04T18:33:21.000Z;010784577;33;Public;;FALSE;FALSE;FALSE;TRUE;FALSE;TRUE;FALSE;FALSE;FALSE;FALSE;TRUE;FALSE;FALSE;FALSE;FALSE;TRUE;FALSE;TRUE;;417,62;;;;;;230 rue Anne-Marie-Crollet;01370;01;AIN;TREFFORT CUISIAT;04 74 51 32 96;mairie@vonnas.com;CCAS Vonnas;http://www.vonnas.com/social-a-vonnas/foyer-logement-le-triolet/item/54-foyer-logement-triolet.html;46.215385;4.988997;;;;;;;;;;;;;;;;;010784577;2017-07-18T22:00:00.000Z;;;417,62;;528,93;;;Gestion administrative de l'ensemble du séjour, notamment l'état des lieux contradictoire d'entrée et de sortie[separateur]Elaboration et suivi du contrat de séjour, de ses annexes et ses avenants[separateur]Mise à disposition et entretien de locaux collectifs[separateur]Accès aux animations collectives et aux activités organisées dans l'enceinte de l'établissement[separateur]Télé-assistance;
17707;Foyer-Logement Les Nivéoles;2020-10-04T18:33:21.000Z;010784619;22;Public;;FALSE;FALSE;FALSE;TRUE;FALSE;TRUE;FALSE;FALSE;FALSE;FALSE;TRUE;FALSE;FALSE;FALSE;FALSE;TRUE;TRUE;TRUE;;467,02;;;;;;190 rue Masonod;01110;01;AIN;HAUTEVILLE LOMPNES;04 74 40 41 71;ccas@hauteville-lompnes.com;Comite Aide Pers Agees Hauteville;;45.979754;5.599812;;;;;;;;;;;;;;;;;010784619;2020-04-18T22:00:00.000Z;467,02;;573,62;;553,32;;;Gestion administrative de l'ensemble du séjour, notamment l'état des lieux contradictoire d'entrée et de sortie[separateur]Elaboration et suivi du contrat de séjour, de ses annexes et ses avenants[separateur]Mise à disposition d'un logement privatif comprenant en sus des connectiques nécessaires pour recevoir la télévision et installer le téléphone[separateur]Mise à disposition et entretien de locaux collectifs[separateur]Accès à une offre d'actions collectives et individuelles de prévention de la perte d'autonomie au sein de l'établissement ou à l'extérieur de celui-ci[separateur]Accès à un service de restauration par tous moyens[separateur]Accès à un dispositif de sécurité apportant au résident 24h/ 24h une assistance par tous moyens et lui permettant de se signaler[separateur]Accès aux animations collectives et aux activités organisées dans l'enceinte de l'établissement;
17695;Foyer-Logement Orange Pouret Saint Trivier de Courtes;2020-10-04T18:33:21.000Z;010784551;38;Public;;FALSE;FALSE;FALSE;TRUE;FALSE;TRUE;FALSE;FALSE;FALSE;FALSE;TRUE;FALSE;FALSE;FALSE;FALSE;TRUE;TRUE;TRUE;;380,19;;;;;;303 Rue du Docteur Perret;01560;01;AIN;ST TRIVIER DE COURTES;04 74 30 70 32;mairie@stdc.fr;CCAS St Trivier-De-Courtes;http://www.saint-trivier-de-courtes.fr;46.457882;5.079421;;;;;;;;;;;;;;;;;010784551;2019-06-16T22:00:00.000Z;380,19;;513,44;;542,81;;;Gestion administrative de l'ensemble du séjour, notamment l'état des lieux contradictoire d'entrée et de sortie[separateur]Organisation des activités extérieures[separateur]Télé-assistance[separateur]Elaboration et suivi du contrat de séjour, de ses annexes et ses avenants[separateur]Mise à disposition d'un logement privatif comprenant en sus des connectiques nécessaires pour recevoir la télévision et installer le téléphone[separateur]Mise à disposition et entretien de locaux collectifs[separateur]Accès à une offre d'actions collectives et individuelles de prévention de la perte d'autonomie au sein de l'établissement ou à l'extérieur de celui-ci[separateur]Accès à un service de restauration par tous moyens[separateur]Accès aux moyens de communication, y compris Internet, dans tout ou partie de l'établissement[separateur]Accès à un dispositif de sécurité apportant au résident 24h/ 24h une assistance par tous moyens et lui permettant de se signaler[separateur]Accès aux animations collectives et aux activités organisées dans l'enceinte de l'établissement;
17653;Foyer-Logement Résidence La fruitière;2020-10-04T18:33:19.000Z;010003168;40;Privé commercial;;FALSE;FALSE;FALSE;TRUE;FALSE;TRUE;FALSE;FALSE;FALSE;FALSE;FALSE;FALSE;FALSE;FALSE;FALSE;FALSE;TRUE;TRUE;;;;;;;;2 place Bichat;01450;01;AIN;PONCIN;04 74 37 32 87;;SEMCODA Bourg En Bresse;;46.086389;5.407186;;;;;;;;;;;;;;;;;;;;;;;;;;;
17703;Foyer-Logement Résidence Le cèdre;2020-10-04T18:33:21.000Z;010784593;102;Privé non lucratif;;FALSE;FALSE;FALSE;TRUE;FALSE;TRUE;FALSE;FALSE;FALSE;FALSE;TRUE;FALSE;FALSE;FALSE;FALSE;TRUE;FALSE;FALSE;;696,5;;;;;;80 avenue Joséphine-Guillon;01700;01;AIN;MIRIBEL;04 78 55 76 20;contact@josephineguillon.fr;Institution Josephine Guillon;;45.826952;4.954026;;;;;;;;;;;;;;;;;010784593;2020-01-30T23:00:00.000Z;696,5;;805,1;;1116;;;Gestion administrative de l'ensemble du séjour, notamment l'état des lieux contradictoire d'entrée et de sortie[separateur]Organisation des activités extérieures[separateur]Elaboration et suivi du contrat de séjour, de ses annexes et ses avenants[separateur]Mise à disposition d'un logement privatif comprenant en sus des connectiques nécessaires pour recevoir la télévision et installer le téléphone[separateur]Mise à disposition et entretien de locaux collectifs[separateur]Accès à une offre d'actions collectives et individuelles de prévention de la perte d'autonomie au sein de l'établissement ou à l'extérieur de celui-ci[separateur]Accès à un service de restauration par tous moyens[separateur]Accès à un service de blanchisserie par tous moyens[separateur]Accès à un dispositif de sécurité apportant au résident 24h/ 24h une assistance par tous moyens et lui permettant de se signaler[separateur]Accès aux animations collectives et aux activités organisées dans l'enceinte de l'établissement;
17709;Foyer-Logement de l'Orme;2020-10-04T18:33:21.000Z;010784627;50;Privé commercial;;FALSE;FALSE;FALSE;TRUE;FALSE;TRUE;FALSE;FALSE;FALSE;FALSE;TRUE;FALSE;FALSE;FALSE;FALSE;TRUE;FALSE;FALSE;;;;;;;;10 rue de l'Orme;01100;01;AIN;OYONNAX;04 74 77 08 79;;Commune d'Oyonnax;http://www.oyonnax.fr/seniors/club-du-3eme-age.html;46.251078;5.653888;;;;;;;;;;;;;;;;;;;;;;;;;;;
17715;Foyer-Logement de polliat;2020-10-04T18:33:21.000Z;010785699;30;Public;;FALSE;FALSE;FALSE;TRUE;FALSE;TRUE;FALSE;FALSE;FALSE;FALSE;TRUE;FALSE;FALSE;FALSE;FALSE;TRUE;FALSE;TRUE;;501,52;;;;;;367 Route d'Attignat;01310;01;AIN;POLLIAT;04 74 30 45 33;;Mairie de Polliat;http://www.polliat.fr;46.250836;5.133582;;;;;;;;;;;;;;;;;010785699;2019-06-23T22:00:00.000Z;;;501,52;;593,89;;;Gestion administrative de l'ensemble du séjour, notamment l'état des lieux contradictoire d'entrée et de sortie[separateur]Elaboration et suivi du contrat de séjour, de ses annexes et ses avenants[separateur]Mise à disposition d'un logement privatif comprenant en sus des connectiques nécessaires pour recevoir la télévision et installer le téléphone[separateur]Mise à disposition et entretien de locaux collectifs[separateur]Accès aux animations collectives et aux activités organisées dans l'enceinte de l'établissement;
17659;Foyer-Logement les Remparts;2020-10-04T18:33:19.000Z;010007318;20;Public;;FALSE;FALSE;FALSE;TRUE;FALSE;TRUE;FALSE;FALSE;FALSE;FALSE;FALSE;FALSE;FALSE;FALSE;FALSE;FALSE;FALSE;TRUE;;647;;;;;;144 Rue Notre Dame des Marais;01120;01;AIN;MONTLUEL;04 74 22 40 66;;SEMCODA Bourg En Bresse;http://www.www.semocoda.com;45.852683;5.057704;;;;;;;;;;;;;;;;;010007318;2017-06-22T22:00:00.000Z;647;647;647;647;647;647;;;
89574;MARPA La Reyssouze;2020-10-04T18:33:20.000Z;010010684;24;Privé non lucratif;;FALSE;FALSE;FALSE;TRUE;FALSE;TRUE;FALSE;FALSE;FALSE;FALSE;TRUE;FALSE;FALSE;FALSE;FALSE;FALSE;TRUE;TRUE;;1000;;;;;;45 rue du Grand Pré;01560;01;AIN;ST JULIEN SUR REYSSOUZE;04 74 32 63 28;marpalareyssouze@orange.fr;Association de gestion Marpa La Reyssouze;http://marpapuv-ainrhone.fr/;46.4018626055096;5.11189173676585;;;;;;;;;;;;;;;;;010010684;2019-06-16T22:00:00.000Z;;;1000;;1143;;"- Petit déjeuner : 2.55€
- Déjeuner : 8.15
- Dîner : 4.55€
- Déjeuner personne extérieure : 13.20€
- Aide ménagère complémentaire aux 2h mensuelles comprises dans les charges : 13.75€
- Lessive : 10.15€";Gestion administrative de l'ensemble du séjour, notamment l'état des lieux contradictoire d'entrée et de sortie[separateur]Accès aux animations collectives et aux activités organisées dans l'enceinte de l'établissement[separateur]Organisation des activités extérieures[separateur]Télé-assistance[separateur]Chauffage, eau chaude, aide ménagère de 2h/mois[separateur]Elaboration et suivi du contrat de séjour, de ses annexes et ses avenants[separateur]Mise à disposition d'un logement privatif comprenant en sus des connectiques nécessaires pour recevoir la télévision et installer le téléphone[separateur]Mise à disposition et entretien de locaux collectifs[separateur]Accès à une offre d'actions collectives et individuelles de prévention de la perte d'autonomie au sein de l'établissement ou à l'extérieur de celui-ci[separateur]Accès à un service de restauration par tous moyens[separateur]Accès à un service de blanchisserie par tous moyens[separateur]Accès aux moyens de communication, y compris Internet, dans tout ou partie de l'établissement[separateur]Accès à un dispositif de sécurité apportant au résident 24h/ 24h une assistance par tous moyens et lui permettant de se signaler;
17651;MARPA La Valette;2020-10-04T18:33:19.000Z;010001360;20;Privé non lucratif;;FALSE;FALSE;FALSE;TRUE;FALSE;TRUE;FALSE;FALSE;FALSE;FALSE;TRUE;FALSE;FALSE;FALSE;FALSE;TRUE;FALSE;TRUE;;822,21;;;;;;227 route de Montcet;01310;01;AIN;MONTRACOL;04 74 24 38 85;marpa.montracol@orange.fr;Association Gest de la Marpa - Montracol;http://www.marpa.fr;46.199815;5.122908;;;;;;;;;;;;;;;;;010001360;2019-05-19T22:00:00.000Z;822,21;;840,13;;1284,65;;;Gestion administrative de l'ensemble du séjour, notamment l'état des lieux contradictoire d'entrée et de sortie[separateur]Télé-assistance[separateur]chauffage collectif, eau.[separateur]Elaboration et suivi du contrat de séjour, de ses annexes et ses avenants[separateur]Mise à disposition d'un logement privatif comprenant en sus des connectiques nécessaires pour recevoir la télévision et installer le téléphone[separateur]Mise à disposition et entretien de locaux collectifs[separateur]Accès à une offre d'actions collectives et individuelles de prévention de la perte d'autonomie au sein de l'établissement ou à l'extérieur de celui-ci[separateur]Accès aux moyens de communication, y compris Internet, dans tout ou partie de l'établissement[separateur]Accès à un dispositif de sécurité apportant au résident 24h/ 24h une assistance par tous moyens et lui permettant de se signaler[separateur]Accès aux animations collectives et aux activités organisées dans l'enceinte de l'établissement[separateur]Organisation des activités extérieures;
17677;MARPA La Verchère;2020-10-04T18:33:19.000Z;010008738;24;Privé non lucratif;;FALSE;FALSE;FALSE;TRUE;FALSE;TRUE;FALSE;FALSE;FALSE;TRUE;TRUE;FALSE;FALSE;FALSE;FALSE;FALSE;TRUE;TRUE;;967;;;;;;6 petit chemin des Nivres;01190;01;AIN;PONT DE VAUX;09 66 98 84 68;marpa-verchere@orange.fr;Association de Gestion de la Marpa la Vercher;http://www.marpa.fr;46.432340;4.945785;;;;;;;;;;;;;;;;;010008738;2019-06-16T22:00:00.000Z;;;967;;1182;;"Le loyer (967.00€ ou 1182.00€) comprend le chauffage (ou plancher rafraichissant), la consommation d'eau, la téléassistance et 2h de ménage par mois.

Petit déjeuner : 2.60€
Déjeuner : 7.75€
Dîner : 4.65€
Déjeuner invité : 14.00€
Dîner invité : 6.00€
Entretien du linge : 13.00€ par lessive (lavage/séchage/repassage)
Entretien ménager : 13.00 €/heure";Gestion administrative de l'ensemble du séjour, notamment l'état des lieux contradictoire d'entrée et de sortie[separateur]Accès aux animations collectives et aux activités organisées dans l'enceinte de l'établissement[separateur]Organisation des activités extérieures[separateur]1 repas par jour[separateur]Télé-assistance[separateur]Elaboration et suivi du contrat de séjour, de ses annexes et ses avenants[separateur]Mise à disposition d'un logement privatif comprenant en sus des connectiques nécessaires pour recevoir la télévision et installer le téléphone[separateur]Mise à disposition et entretien de locaux collectifs[separateur]Accès à une offre d'actions collectives et individuelles de prévention de la perte d'autonomie au sein de l'établissement ou à l'extérieur de celui-ci[separateur]Accès à un service de restauration par tous moyens[separateur]Accès à un service de blanchisserie par tous moyens[separateur]Accès aux moyens de communication, y compris Internet, dans tout ou partie de l'établissement[separateur]Accès à un dispositif de sécurité apportant au résident 24h/ 24h une assistance par tous moyens et lui permettant de se signaler;
17733;MARPA La frérie;2020-10-04T18:33:22.000Z;010790384;19;Privé non lucratif;;FALSE;FALSE;FALSE;TRUE;FALSE;TRUE;FALSE;FALSE;FALSE;FALSE;TRUE;FALSE;FALSE;FALSE;FALSE;TRUE;TRUE;TRUE;;793;;;;;;74 Rue de la Frérie;01570;01;AIN;MANZIAT;03 85 30 15 47;direction@ajmarpa.fr;Association Maintien Cadre Vie Pa En Perte Aut;https://www.marpa.fr/?id=166&tx_marpa%5BmarpaUid%5D=18&cHash=10f58ee40cf2099cfefc568ac8247b9d;46.357584;4.904495;;;;;;;;;;;;;;;;;010790384;2019-07-02T22:00:00.000Z;793;;856;;1076;;;;
17671;MARPA Le Verger;2020-10-04T18:33:19.000Z;010008589;24;Privé non lucratif;;FALSE;FALSE;FALSE;TRUE;FALSE;TRUE;TRUE;FALSE;FALSE;FALSE;TRUE;FALSE;FALSE;FALSE;FALSE;FALSE;TRUE;TRUE;;990,6;;;;;;49 allée du verger;01640;01;AIN;ST JEAN LE VIEUX;04 74 36 04 55;marpaleverger@orange.fr;SEMCODA Bourg En Bresse;http://www.marpa.fr;46.030023;5.386870;;;;;;;;;;;;;;;;;010008589;2019-06-16T22:00:00.000Z;;;990,6;;1186,42;;;Gestion administrative de l'ensemble du séjour, notamment l'état des lieux contradictoire d'entrée et de sortie[separateur]Accès aux animations collectives et aux activités organisées dans l'enceinte de l'établissement[separateur]Organisation des activités extérieures[separateur]Télé-assistance[separateur]Accompagnement personnalisé[separateur]Elaboration et suivi du contrat de séjour, de ses annexes et ses avenants[separateur]Mise à disposition d'un logement privatif comprenant en sus des connectiques nécessaires pour recevoir la télévision et installer le téléphone[separateur]Mise à disposition et entretien de locaux collectifs[separateur]Accès à une offre d'actions collectives et individuelles de prévention de la perte d'autonomie au sein de l'établissement ou à l'extérieur de celui-ci[separateur]Accès à un service de restauration par tous moyens[separateur]Accès à un service de blanchisserie par tous moyens[separateur]Accès aux moyens de communication, y compris Internet, dans tout ou partie de l'établissement[separateur]Accès à un dispositif de sécurité apportant au résident 24h/ 24h une assistance par tous moyens et lui permettant de se signaler;
17681;MARPA Nova villa;2020-10-04T18:33:19.000Z;010008779;24;Privé non lucratif;;FALSE;FALSE;FALSE;TRUE;FALSE;TRUE;FALSE;FALSE;FALSE;FALSE;FALSE;FALSE;FALSE;FALSE;FALSE;TRUE;TRUE;TRUE;;1018,97;;;;;;275 Rue des Sablonnieres;01400;01;AIN;NEUVILLE LES DAMES;04 74 24 70 56;novavilla@orange.fr;Association Gestion Marpa Chalaronnn/Centre;http://www.marpa.fr;46.159736;5.007398;;;;;;;;;;;;;;;;;010008779;2019-06-16T22:00:00.000Z;1018,97;;;;1257,61;;;Gestion administrative de l'ensemble du séjour, notamment l'état des lieux contradictoire d'entrée et de sortie[separateur]Accès aux animations collectives et aux activités organisées dans l'enceinte de l'établissement[separateur]Organisation des activités extérieures[separateur]Télé-assistance[separateur]Elaboration et suivi du contrat de séjour, de ses annexes et ses avenants[separateur]Mise à disposition d'un logement privatif comprenant en sus des connectiques nécessaires pour recevoir la télévision et installer le téléphone[separateur]Mise à disposition et entretien de locaux collectifs[separateur]Accès à une offre d'actions collectives et individuelles de prévention de la perte d'autonomie au sein de l'établissement ou à l'extérieur de celui-ci[separateur]Accès à un service de restauration par tous moyens[separateur]Accès à un service de blanchisserie par tous moyens[separateur]Accès aux moyens de communication, y compris Internet, dans tout ou partie de l'établissement[separateur]Accès à un dispositif de sécurité apportant au résident 24h/ 24h une assistance par tous moyens et lui permettant de se signaler;
17665;MARPA Plain Champ Saint Etienne du Bois;2020-10-04T18:33:19.000Z;010008332;26;Privé non lucratif;;FALSE;FALSE;FALSE;TRUE;FALSE;TRUE;TRUE;FALSE;FALSE;FALSE;TRUE;FALSE;FALSE;FALSE;FALSE;TRUE;TRUE;TRUE;;1020;;;;;;707 rue centrale;01370;01;AIN;ST ETIENNE DU BOIS;04 74 30 51 08;marpa.plain-champ@wanadoo.fr;Association de Gestion de la Marpa;http://www.marpa.fr;46.289916;5.295513;;;;;;;;;;;;;;;;;010008332;2019-06-20T22:00:00.000Z;;;1020;;1165;;;Gestion administrative de l'ensemble du séjour, notamment l'état des lieux contradictoire d'entrée et de sortie[separateur]Accès aux animations collectives et aux activités organisées dans l'enceinte de l'établissement[separateur]Organisation des activités extérieures[separateur]Télé-assistance[separateur]Elaboration et suivi du contrat de séjour, de ses annexes et ses avenants[separateur]Mise à disposition d'un logement privatif comprenant en sus des connectiques nécessaires pour recevoir la télévision et installer le téléphone[separateur]Mise à disposition et entretien de locaux collectifs[separateur]Accès à une offre d'actions collectives et individuelles de prévention de la perte d'autonomie au sein de l'établissement ou à l'extérieur de celui-ci[separateur]Accès à un service de restauration par tous moyens[separateur]Accès à un service de blanchisserie par tous moyens[separateur]Accès aux moyens de communication, y compris Internet, dans tout ou partie de l'établissement[separateur]Accès à un dispositif de sécurité apportant au résident 24h/ 24h une assistance par tous moyens et lui permettant de se signaler;
17679;MARPA RPA Le Renon;2020-10-04T18:33:19.000Z;010008753;24;Privé non lucratif;;FALSE;FALSE;FALSE;TRUE;FALSE;TRUE;FALSE;FALSE;FALSE;TRUE;TRUE;FALSE;FALSE;FALSE;FALSE;FALSE;TRUE;TRUE;;1059;;;;;;394 le clos des Dombes;01240;01;AIN;MARLIEUX;04 74 50 86 57;marpalerenon01@orange.fr;Association Gestion Marpa le Renon;http://marpalerenon.fr;46.066363;5.073781;;;;;;;;;;;;;;;;;010008753;2017-06-26T22:00:00.000Z;;;1059;;1298;;"Possibilité de restauration collective :
          Petit déjeuner
          Déjeuner
          Dîner
Entretien du linge 
Heures de ménage complémentaires
Heures d'accompagnement";Gestion administrative de l'ensemble du séjour, notamment l'état des lieux contradictoire d'entrée et de sortie[separateur]Télé-assistance[separateur]Entretien de l'appartement à hauteur de 2 h par mois[separateur]Elaboration et suivi du contrat de séjour, de ses annexes et ses avenants[separateur]Mise à disposition d'un logement privatif comprenant en sus des connectiques nécessaires pour recevoir la télévision et installer le téléphone[separateur]Mise à disposition et entretien de locaux collectifs[separateur]Accès à une offre d'actions collectives et individuelles de prévention de la perte d'autonomie au sein de l'établissement ou à l'extérieur de celui-ci[separateur]Accès à un dispositif de sécurité apportant au résident 24h/ 24h une assistance par tous moyens et lui permettant de se signaler[separateur]Accès aux animations collectives et aux activités organisées dans l'enceinte de l'établissement[separateur]Organisation des activités extérieures[separateur]1 repas par jour;
17685;MARPA RPA les Narcisses;2020-10-04T18:33:19.000Z;010008829;24;Privé non lucratif;;FALSE;FALSE;FALSE;TRUE;FALSE;TRUE;FALSE;FALSE;FALSE;TRUE;TRUE;FALSE;FALSE;FALSE;FALSE;FALSE;TRUE;TRUE;;976,1;;;;;;65 route de Champdor;01110;01;AIN;BRENOD;04 74 38 88 27;marpabrenod@orange.fr;Association de Gestion Marpa de Brenod;http://www.marpa.fr;46.057419;5.604093;;;;;;;;;;;;;;;;;010008829;2019-06-20T22:00:00.000Z;;;976,1;;1153;;;Gestion administrative de l'ensemble du séjour, notamment l'état des lieux contradictoire d'entrée et de sortie[separateur]Elaboration et suivi du contrat de séjour, de ses annexes et ses avenants[separateur]Mise à disposition d'un logement privatif comprenant en sus des connectiques nécessaires pour recevoir la télévision et installer le téléphone[separateur]Mise à disposition et entretien de locaux collectifs[separateur]Accès à une offre d'actions collectives et individuelles de prévention de la perte d'autonomie au sein de l'établissement ou à l'extérieur de celui-ci[separateur]Accès aux moyens de communication, y compris Internet, dans tout ou partie de l'établissement[separateur]Accès à un dispositif de sécurité apportant au résident 24h/ 24h une assistance par tous moyens et lui permettant de se signaler[separateur]Accès aux animations collectives et aux activités organisées dans l'enceinte de l'établissement[separateur]Télé-assistance;
17675;MARPA Résidence Les carlines;2020-10-04T18:33:19.000Z;010008696;24;Privé non lucratif;;FALSE;FALSE;FALSE;TRUE;FALSE;TRUE;FALSE;FALSE;FALSE;TRUE;TRUE;FALSE;FALSE;FALSE;FALSE;FALSE;TRUE;TRUE;;1073;;;;;;220 route des burgondes;01410;01;AIN;CHAMPFROMIER;04 50 48 40 87;marpa.lescarlines@gmail.com;Association de Gestion de la Marpa;http://www.marpa.fr;46.195352;5.819214;;;;;;;;;;;;;;;;;010008696;2017-07-10T22:00:00.000Z;;;1073;;1353;;;;
17649;MARPA de Manziat Bage La Ville;2020-10-04T18:33:19.000Z;010001246;9;Privé non lucratif;;FALSE;FALSE;FALSE;TRUE;FALSE;TRUE;FALSE;FALSE;FALSE;FALSE;TRUE;FALSE;FALSE;FALSE;FALSE;FALSE;TRUE;TRUE;;793;;;;;;100 Rue de la Mairie;01380;01;AIN;BAGE LA VILLE;03 85 30 21 06;direction@ajmarpa.fr;Association Maintien Cadre Vie Pa En Perte Aut;http://www.marpa.fr;46.316594;4.946342;;;;;;;;;;;;;;;;;010001246;2019-07-03T22:00:00.000Z;793;;856;;1076;;;;
17669;MARPA de Replonge;2020-10-04T18:33:19.000Z;010008399;8;Privé non lucratif;;FALSE;FALSE;FALSE;TRUE;FALSE;TRUE;FALSE;FALSE;FALSE;FALSE;TRUE;FALSE;FALSE;FALSE;FALSE;FALSE;TRUE;FALSE;;793;;;;;;30 Impasse de la Croix du Creux;01750;01;AIN;REPLONGES;03 85 31 80 56;direction@ajmarpa.fr;Association Maintien Cadre Vie Pa En Perte Aut;https://www.marpa.fr/;46.312512;4.875599;;;;;;;;;;;;;;;;;010008399;2019-07-04T22:00:00.000Z;793;;856;;1076;;;;
17687;MARPA de Serrières de Briord;2020-10-04T18:33:19.000Z;010009892;24;Privé non lucratif;;FALSE;FALSE;FALSE;TRUE;FALSE;TRUE;FALSE;FALSE;FALSE;FALSE;TRUE;FALSE;FALSE;FALSE;FALSE;FALSE;TRUE;TRUE;;1046,4;;;;;;9 rue Bugey;01470;01;AIN;SERRIERES DE BRIORD;04 74 40 94 40;lejardindescourtanes@hotmail.fr;La Marpa de Serrieres de Briord;http://www.marpa.fr;45.80972479999999;5.449017599999934;;;;;;;;;;;;;;;;;010009892;2020-07-02T22:00:00.000Z;;;1046,4;;1294,1;;"Repas : 
- petit déjeuner : 3.10 €
- déjeuner : 8.70 €
- dîner : 5.20 €
 - lessive : 1.60 €/jour";Gestion administrative de l'ensemble du séjour, notamment l'état des lieux contradictoire d'entrée et de sortie[separateur]Accès aux animations collectives et aux activités organisées dans l'enceinte de l'établissement[separateur]Organisation des activités extérieures[separateur]1 repas par jour[separateur]Télé-assistance[separateur]Elaboration et suivi du contrat de séjour, de ses annexes et ses avenants[separateur]Mise à disposition d'un logement privatif comprenant en sus des connectiques nécessaires pour recevoir la télévision et installer le téléphone[separateur]Mise à disposition et entretien de locaux collectifs[separateur]Accès à une offre d'actions collectives et individuelles de prévention de la perte d'autonomie au sein de l'établissement ou à l'extérieur de celui-ci[separateur]Accès à un service de restauration par tous moyens[separateur]Accès à un service de blanchisserie par tous moyens[separateur]Accès aux moyens de communication, y compris Internet, dans tout ou partie de l'établissement[separateur]Accès à un dispositif de sécurité apportant au résident 24h/ 24h une assistance par tous moyens et lui permettant de se signaler;
17689;MARPA de la Veyle;2020-10-04T18:33:20.000Z;010010270;24;Privé non lucratif;;FALSE;FALSE;FALSE;TRUE;FALSE;TRUE;FALSE;FALSE;FALSE;TRUE;TRUE;FALSE;FALSE;FALSE;FALSE;FALSE;TRUE;TRUE;;919,12;;;;;;19 allée de la Marpa;01290;01;AIN;GRIEGES;03 85 50 84 62;marpagrieges@orange.fr;Association de Gestion;http://www.marpa.fr;46.256494;4.851286;;;;;;;;;;;;;;;;;010010270;2019-06-16T22:00:00.000Z;;;919,12;;1170,26;;"Petit-déjeuner : 2,70€
Déjeuner : 8,12€
Repas déjeuner invité : 14,04€
Souper léger (soupe, laitage, fruit) : 2,70€
Souper complet (soupe, plat, laitage, fruit) : 4,86€
Lessive (lavage, séchage, repassage) : 11,29€
Ménage complémentaire : 14,64€/heure";Gestion administrative de l'ensemble du séjour, notamment l'état des lieux contradictoire d'entrée et de sortie[separateur]Accès aux animations collectives et aux activités organisées dans l'enceinte de l'établissement[separateur]Organisation des activités extérieures[separateur]Télé-assistance[separateur]Elaboration et suivi du contrat de séjour, de ses annexes et ses avenants[separateur]Mise à disposition d'un logement privatif comprenant en sus des connectiques nécessaires pour recevoir la télévision et installer le téléphone[separateur]Mise à disposition et entretien de locaux collectifs[separateur]Accès à une offre d'actions collectives et individuelles de prévention de la perte d'autonomie au sein de l'établissement ou à l'extérieur de celui-ci[separateur]Accès à un service de restauration par tous moyens[separateur]Accès à un service de blanchisserie par tous moyens[separateur]Accès aux moyens de communication, y compris Internet, dans tout ou partie de l'établissement[separateur]Accès à un dispositif de sécurité apportant au résident 24h/ 24h une assistance par tous moyens et lui permettant de se signaler;
17731;MARPA du Dommartin;2020-10-04T18:33:22.000Z;010790376;9;Privé non lucratif;;FALSE;FALSE;FALSE;TRUE;FALSE;TRUE;FALSE;FALSE;FALSE;FALSE;TRUE;FALSE;FALSE;FALSE;FALSE;TRUE;TRUE;TRUE;;;;;;;;Le Bourg Dommartin;01380;01;AIN;BAGE LA VILLE;03 85 30 20 63;marpa.asso.cantondebage@orange.fr;Association Maintien Cadre Vie PA en perte d'aut;http://www.marpa.fr/index.php?id=166&tx_marpa[marpaUid]=18&cHash=10f58ee40cf2099cfefc568ac8247b9d;46.338608;4.989742;;;;;;;;;;;;;;;;;;;;;;;;;;;
99;Maison de retraite Château de Vernange ;2020-10-04T18:33:22.000Z;010788230;70;Privé commercial;;TRUE;FALSE;FALSE;FALSE;FALSE;TRUE;FALSE;FALSE;FALSE;FALSE;FALSE;TRUE;FALSE;FALSE;FALSE;FALSE;FALSE;FALSE;;3031,5;;;;;;Route de Monthieux;01390;01;AIN;ST ANDRE DE CORCY;04 72 26 16 16;contact@chateau-de-vernange.com;M.R. Vernange St Andre-De-Corcy;http://www.chateau-de-venange.com;45.929351;4.955026;010788230;2020-06-22T22:00:00.000Z;96;79;;;;;;;;18,78;11,92;5,05;Appels téléphoniques entrants non facturés en sus, Internet dans la chambre (abonnement/accès au réseau Wifi), Télévision dans les chambres du château , Animations et sorties;Entretien du linge du résident non délicat 80.0€/mois, Marquage du linge, Fourniture de produits d’hygiène corporelle (savon, gel douche, shampoing, dentifrice...), Appels téléphoniques sortants, Mise à disposition d’un poste de télévision dans la chambre, Prestations de coiffure (shampoing, coupe), Prestations esthétiques de base, Prestations de pédicurie-podologie (hors prescription médicale), Restaurant pour les invités;;;;;;;;;;;
107;Maison de retraite les Cyclamens Challex;2020-10-04T18:33:22.000Z;010788768;80;Privé commercial;;TRUE;FALSE;FALSE;FALSE;FALSE;TRUE;TRUE;FALSE;FALSE;FALSE;TRUE;FALSE;FALSE;FALSE;FALSE;FALSE;FALSE;FALSE;;3064,8;;;;;;554 Rue de la Treille;01630;01;AIN;CHALLEX;04 50 56 46 50;cyclamens-challex@domusvi.com;Domus Vivendi Hauts-De-Seine;http://www.cyclamenschallex.com/;46.180146;5.969304;010788768;2020-10-01T22:00:00.000Z;97;;;;106,7;;;;;19,18;12,16;5,16;;Entretien du linge du résident non délicat 96.0€/mois, Marquage du linge, Fourniture de produits d’hygiène corporelle (savon, gel douche, shampoing, dentifrice...), Appels téléphoniques sortants, Prestations de coiffure (shampoing, coupe), Prestations esthétiques de base, Prestations de pédicurie-podologie (hors prescription médicale);;;;;;;;;;;
73480;PUV Les Berges du Lion;2020-10-04T18:33:19.000Z;010007490;15;Privé non lucratif;;FALSE;FALSE;FALSE;TRUE;FALSE;TRUE;FALSE;FALSE;FALSE;FALSE;TRUE;FALSE;FALSE;FALSE;FALSE;TRUE;FALSE;TRUE;;1225;;;;;;155 rue des Berges du Lion;01210;01;AIN;ORNEX;04 50 41 93 05;puv@bergesdulion.eu;Association Les Berges du Lion;http://www.bergesdulion.eu/;46.269647;6.098655;;;;;;;;;;;;;;;;;010007490;2017-07-03T22:00:00.000Z;;;;;1225;;;Gestion administrative de l'ensemble du séjour, notamment l'état des lieux contradictoire d'entrée et de sortie[separateur]Organisation des activités extérieures[separateur]Télé-assistance[separateur]Elaboration et suivi du contrat de séjour, de ses annexes et ses avenants[separateur]Mise à disposition d'un logement privatif comprenant en sus des connectiques nécessaires pour recevoir la télévision et installer le téléphone[separateur]Mise à disposition et entretien de locaux collectifs[separateur]Accès à une offre d'actions collectives et individuelles de prévention de la perte d'autonomie au sein de l'établissement ou à l'extérieur de celui-ci[separateur]Accès à un service de restauration par tous moyens[separateur]Accès à un service de blanchisserie par tous moyens[separateur]Accès à un dispositif de sécurité apportant au résident 24h/ 24h une assistance par tous moyens et lui permettant de se signaler[separateur]Accès aux animations collectives et aux activités organisées dans l'enceinte de l'établissement;
17673;PUV Petite Unité de Vie La Cité des Séniors;2020-10-04T18:33:19.000Z;010008670;26;Privé non lucratif;;FALSE;FALSE;FALSE;TRUE;FALSE;TRUE;FALSE;FALSE;FALSE;FALSE;TRUE;FALSE;FALSE;FALSE;FALSE;FALSE;TRUE;TRUE;;498;;;;;;260 rue de la barre;01440;01;AIN;VIRIAT;04 74 25 08 11;lacitedesseniors@orange.fr;Association de Gestion de la Puv;http://www.marpa.fr;46.26562;5.216590;;;;;;;;;;;;;;;;;010008670;2019-06-05T22:00:00.000Z;;;498;;527;;;Gestion administrative de l'ensemble du séjour, notamment l'état des lieux contradictoire d'entrée et de sortie[separateur]Accès aux animations collectives et aux activités organisées dans l'enceinte de l'établissement[separateur]Organisation des activités extérieures[separateur]Elaboration et suivi du contrat de séjour, de ses annexes et ses avenants[separateur]Mise à disposition d'un logement privatif comprenant en sus des connectiques nécessaires pour recevoir la télévision et installer le téléphone[separateur]Mise à disposition et entretien de locaux collectifs[separateur]Accès à une offre d'actions collectives et individuelles de prévention de la perte d'autonomie au sein de l'établissement ou à l'extérieur de celui-ci[separateur]Accès à un service de restauration par tous moyens[separateur]Accès à un service de blanchisserie par tous moyens[separateur]Accès aux moyens de communication, y compris Internet, dans tout ou partie de l'établissement[separateur]Accès à un dispositif de sécurité apportant au résident 24h/ 24h une assistance par tous moyens et lui permettant de se signaler;
73477;Petite Unité de Vie Dallex Allombert;2020-10-04T18:33:19.000Z;010003358;22;Public;;FALSE;FALSE;FALSE;TRUE;FALSE;TRUE;FALSE;FALSE;FALSE;FALSE;TRUE;FALSE;FALSE;FALSE;FALSE;FALSE;TRUE;TRUE;;918,54;;;;;;2 route de la Forge;01100;01;AIN;BELLIGNAT;04 74 73 92 37;susana.dogdanovit@bellignat.fr;Commune de Bellignat;http://www.bellignat.fr/www-liste_afnors-AMACPE[AMACPO-231-FR-VIVRE.html;46.242107;5.629370;;;;;;;;;;;;;;;;;010003358;2017-06-29T22:00:00.000Z;;;918,54;;1053,64;;"HÉBERGEMENT TEMPORAIRE : 

2 chambres temporaires : 54€/jour/ chambre : compris dans le prix : les 3 repas, le téléphone, le téléalarme et la télévision.";Gestion administrative de l'ensemble du séjour, notamment l'état des lieux contradictoire d'entrée et de sortie[separateur]Accès aux animations collectives et aux activités organisées dans l'enceinte de l'établissement[separateur]Organisation des activités extérieures[separateur]Télé-assistance[separateur]3 repas par jour[separateur]Elaboration et suivi du contrat de séjour, de ses annexes et ses avenants[separateur]Mise à disposition d'un logement privatif comprenant en sus des connectiques nécessaires pour recevoir la télévision et installer le téléphone[separateur]Mise à disposition et entretien de locaux collectifs[separateur]Accès à une offre d'actions collectives et individuelles de prévention de la perte d'autonomie au sein de l'établissement ou à l'extérieur de celui-ci[separateur]Accès à un service de restauration par tous moyens[separateur]Accès à un service de blanchisserie par tous moyens[separateur]Accès aux moyens de communication, y compris Internet, dans tout ou partie de l'établissement[separateur]Accès à un dispositif de sécurité apportant au résident 24h/ 24h une assistance par tous moyens et lui permettant de se signaler;
73482;Petite Unité de Vie La Chènevière;2020-10-04T18:33:19.000Z;010008654;24;Privé non lucratif;;FALSE;FALSE;FALSE;TRUE;FALSE;TRUE;FALSE;FALSE;FALSE;FALSE;TRUE;FALSE;FALSE;FALSE;FALSE;TRUE;FALSE;TRUE;;997,29;;;;;;250 Rue Prevert;01000;01;AIN;ST DENIS LES BOURG;04 74 21 31 73;puv01000@gmail.com;Association de Gestion PUV Saint-Denis-les-Bourg;http://www.stdenislesbourg.fr/Petite-Unite-de-Vie.html;46.201763;5.194149;;;;;;;;;;;;;;;;;010008654;2020-11-08T23:00:00.000Z;;;997,29;;1214,66;;Hébergement temporaire : 52.50€/ jour en pension complète ( maximum 90 nuits).;;
73482000;Petite Unité de Vie La Chènevière2;2020-10-04T18:33:19.000Z;010008654000;24;Privé non lucratif;;FALSE;FALSE;FALSE;TRUE;FALSE;TRUE;FALSE;FALSE;FALSE;FALSE;TRUE;FALSE;FALSE;FALSE;FALSE;TRUE;FALSE;TRUE;;997,29;;;;;;251 Rue Prevert;01000;01;AIN;ST DENIS LES BOURG;04 74 21 31 73;puv01000@gmail.com;Association de Gestion PUV Saint-Denis-les-Bourg;http://www.stdenislesbourg.fr/Petite-Unite-de-Vie.html;46.201763;5.194149;;;;;;;;;;;;;;;;;010008654;2020-11-08T23:00:00.000Z;;;997,29;;1214,66;;Hébergement temporaire : 52.50€/ jour en pension complète ( maximum 90 nuits).;;
73482001;Petite Unité de Vie La Chènevière3;2020-10-04T18:33:19.000Z;010008654001;24;Privé non lucratif;;FALSE;FALSE;FALSE;TRUE;FALSE;TRUE;FALSE;FALSE;FALSE;FALSE;TRUE;FALSE;FALSE;FALSE;FALSE;TRUE;FALSE;TRUE;;997,29;;;;;;251 Rue Prevert;01000;01;AIN;ST DENIS LES BOURG;04 74 21 31 73;puv01000@gmail.com;Association de Gestion PUV Saint-Denis-les-Bourg;http://www.stdenislesbourg.fr/Petite-Unite-de-Vie.html;46.201763;5.194149;;;;;;;;;;;;;;;;;010008654;2020-11-08T23:00:00.000Z;;;997,29;;1214,66;;Hébergement temporaire : 52.50€/ jour en pension complète ( maximum 90 nuits).;;